packageLabel,stableInternalID,nativeOrder,category,nativeOption,kind,verificationState,productionStatus,selectedEvidence,sourceImageFrameIDs,missingViews,recaptureRequired,notes
PRIMARY RESEARCH CANDIDATE — NOT PRODUCTION VERIFIED,CF27_XBOXUNKNOWN_RTG_SKINTONE_001,1,Skin Tone,Skin Tone 01,additionalFaceMatchingAttribute,NOT_VERIFIED,NOT_PRODUCTION_DATA,video-004:45.0-46.0,evidence-frame-cf27_xboxunknown_rtg_skintone_001-character_stable|evidence-frame-cf27_xboxunknown_rtg_skintone_001-menu|frame-cf27_xboxunknown_rtg_skintone_001-character_stable|frame-cf27_xboxunknown_rtg_skintone_001-menu,,false,
PRIMARY RESEARCH CANDIDATE — NOT PRODUCTION VERIFIED,CF27_XBOXUNKNOWN_RTG_SKINTONE_002,2,Skin Tone,Skin Tone 02,additionalFaceMatchingAttribute,NOT_VERIFIED,NOT_PRODUCTION_DATA,video-004:47.0-47.0,evidence-frame-cf27_xboxunknown_rtg_skintone_002-character_stable|evidence-frame-cf27_xboxunknown_rtg_skintone_002-menu|frame-cf27_xboxunknown_rtg_skintone_002-character_stable|frame-cf27_xboxunknown_rtg_skintone_002-menu,,false,
PRIMARY RESEARCH CANDIDATE — NOT PRODUCTION VERIFIED,CF27_XBOXUNKNOWN_RTG_SKINTONE_003,3,Skin Tone,Skin Tone 03,additionalFaceMatchingAttribute,NOT_VERIFIED,NOT_PRODUCTION_DATA,video-004:48.0-49.0,evidence-frame-cf27_xboxunknown_rtg_skintone_003-character_stable|evidence-frame-cf27_xboxunknown_rtg_skintone_003-menu|frame-cf27_xboxunknown_rtg_skintone_003-character_stable|frame-cf27_xboxunknown_rtg_skintone_003-menu,,false,
PRIMARY RESEARCH CANDIDATE — NOT PRODUCTION VERIFIED,CF27_XBOXUNKNOWN_RTG_SKINTONE_004,4,Skin Tone,Skin Tone 04,additionalFaceMatchingAttribute,NOT_VERIFIED,NOT_PRODUCTION_DATA,video-004:12.0-13.0,evidence-frame-cf27_xboxunknown_rtg_skintone_004-character_stable|evidence-frame-cf27_xboxunknown_rtg_skintone_004-menu|frame-cf27_xboxunknown_rtg_skintone_004-character_stable|frame-cf27_xboxunknown_rtg_skintone_004-menu,,false,
PRIMARY RESEARCH CANDIDATE — NOT PRODUCTION VERIFIED,CF27_XBOXUNKNOWN_RTG_SKINTONE_005,5,Skin Tone,Skin Tone 05,additionalFaceMatchingAttribute,NOT_VERIFIED,NOT_PRODUCTION_DATA,video-004:29.0-30.0,evidence-frame-cf27_xboxunknown_rtg_skintone_005-character_stable|evidence-frame-cf27_xboxunknown_rtg_skintone_005-menu|frame-cf27_xboxunknown_rtg_skintone_005-character_stable|frame-cf27_xboxunknown_rtg_skintone_005-menu,,false,
PRIMARY RESEARCH CANDIDATE — NOT PRODUCTION VERIFIED,CF27_XBOXUNKNOWN_RTG_SKINTONE_006,6,Skin Tone,Skin Tone 06,additionalFaceMatchingAttribute,NOT_VERIFIED,NOT_PRODUCTION_DATA,video-004:25.0-26.0,evidence-frame-cf27_xboxunknown_rtg_skintone_006-character_stable|evidence-frame-cf27_xboxunknown_rtg_skintone_006-menu|frame-cf27_xboxunknown_rtg_skintone_006-character_stable|frame-cf27_xboxunknown_rtg_skintone_006-menu,,false,
PRIMARY RESEARCH CANDIDATE — NOT PRODUCTION VERIFIED,CF27_XBOXUNKNOWN_RTG_SKINTONE_007,7,Skin Tone,Skin Tone 07,additionalFaceMatchingAttribute,NOT_VERIFIED,NOT_PRODUCTION_DATA,video-004:27.0-28.0,evidence-frame-cf27_xboxunknown_rtg_skintone_007-character_stable|evidence-frame-cf27_xboxunknown_rtg_skintone_007-menu|frame-cf27_xboxunknown_rtg_skintone_007-character_stable|frame-cf27_xboxunknown_rtg_skintone_007-menu,,false,
PRIMARY RESEARCH CANDIDATE — NOT PRODUCTION VERIFIED,CF27_XBOXUNKNOWN_RTG_SKINTONE_008,8,Skin Tone,Skin Tone 08,additionalFaceMatchingAttribute,NOT_VERIFIED,NOT_PRODUCTION_DATA,video-004:10.0-11.0,evidence-frame-cf27_xboxunknown_rtg_skintone_008-character_stable|evidence-frame-cf27_xboxunknown_rtg_skintone_008-menu|frame-cf27_xboxunknown_rtg_skintone_008-character_stable|frame-cf27_xboxunknown_rtg_skintone_008-menu,,false,
PRIMARY RESEARCH CANDIDATE — NOT PRODUCTION VERIFIED,CF27_XBOXUNKNOWN_RTG_SKINTONE_009,9,Skin Tone,Skin Tone 09,additionalFaceMatchingAttribute,NOT_VERIFIED,NOT_PRODUCTION_DATA,video-004:8.0-9.0,evidence-frame-cf27_xboxunknown_rtg_skintone_009-character_stable|evidence-frame-cf27_xboxunknown_rtg_skintone_009-menu|frame-cf27_xboxunknown_rtg_skintone_009-character_stable|frame-cf27_xboxunknown_rtg_skintone_009-menu,,false,
PRIMARY RESEARCH CANDIDATE — NOT PRODUCTION VERIFIED,CF27_XBOXUNKNOWN_RTG_SKINTONE_010,10,Skin Tone,Skin Tone 10,additionalFaceMatchingAttribute,NOT_VERIFIED,NOT_PRODUCTION_DATA,video-004:41.0-42.0,evidence-frame-cf27_xboxunknown_rtg_skintone_010-character_stable|evidence-frame-cf27_xboxunknown_rtg_skintone_010-menu|frame-cf27_xboxunknown_rtg_skintone_010-character_stable|frame-cf27_xboxunknown_rtg_skintone_010-menu,,false,
PRIMARY RESEARCH CANDIDATE — NOT PRODUCTION VERIFIED,CF27_XBOXUNKNOWN_RTG_SKINTONE_011,11,Skin Tone,Skin Tone 11,additionalFaceMatchingAttribute,NOT_VERIFIED,NOT_PRODUCTION_DATA,video-004:50.0-53.82,evidence-frame-cf27_xboxunknown_rtg_skintone_011-character_stable|evidence-frame-cf27_xboxunknown_rtg_skintone_011-menu|frame-cf27_xboxunknown_rtg_skintone_011-character_stable|frame-cf27_xboxunknown_rtg_skintone_011-menu,,false,
PRIMARY RESEARCH CANDIDATE — NOT PRODUCTION VERIFIED,CF27_XBOXUNKNOWN_RTG_SKINTONE_012,12,Skin Tone,Skin Tone 12,additionalFaceMatchingAttribute,NOT_VERIFIED,NOT_PRODUCTION_DATA,video-004:43.0-44.0,evidence-frame-cf27_xboxunknown_rtg_skintone_012-character_stable|evidence-frame-cf27_xboxunknown_rtg_skintone_012-menu|frame-cf27_xboxunknown_rtg_skintone_012-character_stable|frame-cf27_xboxunknown_rtg_skintone_012-menu,,false,
PRIMARY RESEARCH CANDIDATE — NOT PRODUCTION VERIFIED,CF27_XBOXUNKNOWN_RTG_SKINTONE_013,13,Skin Tone,Skin Tone 13,additionalFaceMatchingAttribute,NOT_VERIFIED,NOT_PRODUCTION_DATA,video-004:39.0-40.0,evidence-frame-cf27_xboxunknown_rtg_skintone_013-character_stable|evidence-frame-cf27_xboxunknown_rtg_skintone_013-menu|frame-cf27_xboxunknown_rtg_skintone_013-character_stable|frame-cf27_xboxunknown_rtg_skintone_013-menu,,false,
PRIMARY RESEARCH CANDIDATE — NOT PRODUCTION VERIFIED,CF27_XBOXUNKNOWN_RTG_SKINTONE_014,14,Skin Tone,Skin Tone 14,additionalFaceMatchingAttribute,NOT_VERIFIED,NOT_PRODUCTION_DATA,video-004:38.0-38.0,evidence-frame-cf27_xboxunknown_rtg_skintone_014-character_stable|evidence-frame-cf27_xboxunknown_rtg_skintone_014-menu|frame-cf27_xboxunknown_rtg_skintone_014-character_stable|frame-cf27_xboxunknown_rtg_skintone_014-menu,,false,
PRIMARY RESEARCH CANDIDATE — NOT PRODUCTION VERIFIED,CF27_XBOXUNKNOWN_RTG_SKINTONE_015,15,Skin Tone,Skin Tone 15,additionalFaceMatchingAttribute,NOT_VERIFIED,NOT_PRODUCTION_DATA,video-004:21.0-22.0,evidence-frame-cf27_xboxunknown_rtg_skintone_015-character_stable|evidence-frame-cf27_xboxunknown_rtg_skintone_015-menu|frame-cf27_xboxunknown_rtg_skintone_015-character_stable|frame-cf27_xboxunknown_rtg_skintone_015-menu,,false,
PRIMARY RESEARCH CANDIDATE — NOT PRODUCTION VERIFIED,CF27_XBOXUNKNOWN_RTG_SKINTONE_016,16,Skin Tone,Skin Tone 16,additionalFaceMatchingAttribute,NOT_VERIFIED,NOT_PRODUCTION_DATA,video-004:14.0-14.0,evidence-frame-cf27_xboxunknown_rtg_skintone_016-character_stable|evidence-frame-cf27_xboxunknown_rtg_skintone_016-menu|frame-cf27_xboxunknown_rtg_skintone_016-character_stable|frame-cf27_xboxunknown_rtg_skintone_016-menu,,false,
PRIMARY RESEARCH CANDIDATE — NOT PRODUCTION VERIFIED,CF27_XBOXUNKNOWN_RTG_SKINTONE_017,17,Skin Tone,Skin Tone 17,additionalFaceMatchingAttribute,NOT_VERIFIED,NOT_PRODUCTION_DATA,video-004:36.0-37.0,evidence-frame-cf27_xboxunknown_rtg_skintone_017-character_stable|evidence-frame-cf27_xboxunknown_rtg_skintone_017-menu|frame-cf27_xboxunknown_rtg_skintone_017-character_stable|frame-cf27_xboxunknown_rtg_skintone_017-menu,,false,
PRIMARY RESEARCH CANDIDATE — NOT PRODUCTION VERIFIED,CF27_XBOXUNKNOWN_RTG_SKINTONE_018,18,Skin Tone,Skin Tone 18,additionalFaceMatchingAttribute,NOT_VERIFIED,NOT_PRODUCTION_DATA,video-004:19.0-20.0,evidence-frame-cf27_xboxunknown_rtg_skintone_018-character_stable|evidence-frame-cf27_xboxunknown_rtg_skintone_018-menu|frame-cf27_xboxunknown_rtg_skintone_018-character_stable|frame-cf27_xboxunknown_rtg_skintone_018-menu,,false,
PRIMARY RESEARCH CANDIDATE — NOT PRODUCTION VERIFIED,CF27_XBOXUNKNOWN_RTG_SKINTONE_019,19,Skin Tone,Skin Tone 19,additionalFaceMatchingAttribute,NOT_VERIFIED,NOT_PRODUCTION_DATA,video-004:17.0-18.0,evidence-frame-cf27_xboxunknown_rtg_skintone_019-character_stable|evidence-frame-cf27_xboxunknown_rtg_skintone_019-menu|frame-cf27_xboxunknown_rtg_skintone_019-character_stable|frame-cf27_xboxunknown_rtg_skintone_019-menu,,false,
PRIMARY RESEARCH CANDIDATE — NOT PRODUCTION VERIFIED,CF27_XBOXUNKNOWN_RTG_SKINTONE_020,20,Skin Tone,Skin Tone 20,additionalFaceMatchingAttribute,NOT_VERIFIED,NOT_PRODUCTION_DATA,video-004:15.0-16.0,evidence-frame-cf27_xboxunknown_rtg_skintone_020-character_stable|evidence-frame-cf27_xboxunknown_rtg_skintone_020-menu|frame-cf27_xboxunknown_rtg_skintone_020-character_stable|frame-cf27_xboxunknown_rtg_skintone_020-menu,,false,
PRIMARY RESEARCH CANDIDATE — NOT PRODUCTION VERIFIED,CF27_XBOXUNKNOWN_RTG_SKINTONE_021,21,Skin Tone,Skin Tone 21,additionalFaceMatchingAttribute,NOT_VERIFIED,NOT_PRODUCTION_DATA,video-004:23.0-24.0,evidence-frame-cf27_xboxunknown_rtg_skintone_021-character_stable|evidence-frame-cf27_xboxunknown_rtg_skintone_021-menu|frame-cf27_xboxunknown_rtg_skintone_021-character_stable|frame-cf27_xboxunknown_rtg_skintone_021-menu,,false,
PRIMARY RESEARCH CANDIDATE — NOT PRODUCTION VERIFIED,CF27_XBOXUNKNOWN_RTG_SKINTONE_022,22,Skin Tone,Skin Tone 22,additionalFaceMatchingAttribute,NOT_VERIFIED,NOT_PRODUCTION_DATA,video-004:34.0-35.0,evidence-frame-cf27_xboxunknown_rtg_skintone_022-character_stable|evidence-frame-cf27_xboxunknown_rtg_skintone_022-menu|frame-cf27_xboxunknown_rtg_skintone_022-character_stable|frame-cf27_xboxunknown_rtg_skintone_022-menu,,false,
PRIMARY RESEARCH CANDIDATE — NOT PRODUCTION VERIFIED,CF27_XBOXUNKNOWN_RTG_SKINTONE_023,23,Skin Tone,Skin Tone 23,additionalFaceMatchingAttribute,NOT_VERIFIED,NOT_PRODUCTION_DATA,video-004:31.0-32.0,evidence-frame-cf27_xboxunknown_rtg_skintone_023-character_stable|evidence-frame-cf27_xboxunknown_rtg_skintone_023-menu|frame-cf27_xboxunknown_rtg_skintone_023-character_stable|frame-cf27_xboxunknown_rtg_skintone_023-menu,,false,
PRIMARY RESEARCH CANDIDATE — NOT PRODUCTION VERIFIED,CF27_XBOXUNKNOWN_RTG_SKINTONE_024,24,Skin Tone,Skin Tone 24,additionalFaceMatchingAttribute,NOT_VERIFIED,NOT_PRODUCTION_DATA,video-004:33.0-33.0,evidence-frame-cf27_xboxunknown_rtg_skintone_024-character_stable|evidence-frame-cf27_xboxunknown_rtg_skintone_024-menu|frame-cf27_xboxunknown_rtg_skintone_024-character_stable|frame-cf27_xboxunknown_rtg_skintone_024-menu,,false,
