package_id,candidate_id,category,native_label_index_order,native_order,source_video_id,source_timestamp_range,evidence_ids,frame_reextraction_ids,evidence_file_existence_check_required,front_view_confirmation_required,native_order_confirmation_required,duplicate_or_exception_review_required,secondary_angle_sample_required,environment_version_metadata_required,independent_observation_required,allowed_statuses,required_notes,verifier_workstream,requires_wyatt_clip_ids,global_requirement_recaptures_blocking_production,production_eligibility_state,production_blocking_reason
CF27_XBOX_RTG_SECOND_VERIFIER_EXECUTION_v1,CF27_XBOXUNKNOWN_RTG_JOURNEYTYPE_BLUE_CHIP,Body-related appearance controls,BLUE CHIP,,phase0-video-001,18-23,phase0-source-phase0-video-001,,yes,yes,notApplicable,no,yes,yes,yes,VERIFIED;VERIFIED_WITH_NOTES;RECAPTURE_REQUIRED;VERSION_MISMATCH;MISSING_EVIDENCE;COUNT_MISMATCH;ORDER_MISMATCH;DEPENDENCY_UNRESOLVED;NOT_VERIFIED,for non-clean decisions,CAN_REVIEW_IMMEDIATELY_FROM_EXISTING_MEDIA,,CF27-MIN-RECAP-001;CF27-MIN-RECAP-003;CF27-MIN-RECAP-004;CF27-MIN-RECAP-006;CF27-MIN-RECAP-007;CF27-MIN-RECAP-008;CF27-MIN-RECAP-010;CF27-MIN-RECAP-011;CF27-MIN-RECAP-012;CF27-MIN-RECAP-013;CF27-MIN-RECAP-015;CF27-MIN-RECAP-018;CF27-MIN-RECAP-020;CF27-MIN-RECAP-021,NOT_ELIGIBLE,"Second-person verification has not occurred; environment/version metadata, recapture tasks, duplicate/order review, catalog-manager disposition, and immutable production release remain required."
CF27_XBOX_RTG_SECOND_VERIFIER_EXECUTION_v1,CF27_XBOXUNKNOWN_RTG_JOURNEYTYPE_CONTRIBUTOR,Body-related appearance controls,CONTRIBUTOR,,phase0-video-001,18-23,phase0-source-phase0-video-001,,yes,yes,notApplicable,no,no,yes,yes,VERIFIED;VERIFIED_WITH_NOTES;RECAPTURE_REQUIRED;VERSION_MISMATCH;MISSING_EVIDENCE;COUNT_MISMATCH;ORDER_MISMATCH;DEPENDENCY_UNRESOLVED;NOT_VERIFIED,for non-clean decisions,CAN_REVIEW_IMMEDIATELY_FROM_EXISTING_MEDIA,,CF27-MIN-RECAP-001;CF27-MIN-RECAP-003;CF27-MIN-RECAP-004;CF27-MIN-RECAP-006;CF27-MIN-RECAP-007;CF27-MIN-RECAP-008;CF27-MIN-RECAP-010;CF27-MIN-RECAP-011;CF27-MIN-RECAP-012;CF27-MIN-RECAP-013;CF27-MIN-RECAP-015;CF27-MIN-RECAP-018;CF27-MIN-RECAP-020;CF27-MIN-RECAP-021,NOT_ELIGIBLE,"Second-person verification has not occurred; environment/version metadata, recapture tasks, duplicate/order review, catalog-manager disposition, and immutable production release remain required."
CF27_XBOX_RTG_SECOND_VERIFIER_EXECUTION_v1,CF27_XBOXUNKNOWN_RTG_JOURNEYTYPE_ELITE,Body-related appearance controls,ELITE,,phase0-video-001,18-23,phase0-source-phase0-video-001,,yes,yes,notApplicable,no,no,yes,yes,VERIFIED;VERIFIED_WITH_NOTES;RECAPTURE_REQUIRED;VERSION_MISMATCH;MISSING_EVIDENCE;COUNT_MISMATCH;ORDER_MISMATCH;DEPENDENCY_UNRESOLVED;NOT_VERIFIED,for non-clean decisions,CAN_REVIEW_IMMEDIATELY_FROM_EXISTING_MEDIA,,CF27-MIN-RECAP-001;CF27-MIN-RECAP-003;CF27-MIN-RECAP-004;CF27-MIN-RECAP-006;CF27-MIN-RECAP-007;CF27-MIN-RECAP-008;CF27-MIN-RECAP-010;CF27-MIN-RECAP-011;CF27-MIN-RECAP-012;CF27-MIN-RECAP-013;CF27-MIN-RECAP-015;CF27-MIN-RECAP-018;CF27-MIN-RECAP-020;CF27-MIN-RECAP-021,NOT_ELIGIBLE,"Second-person verification has not occurred; environment/version metadata, recapture tasks, duplicate/order review, catalog-manager disposition, and immutable production release remain required."
CF27_XBOX_RTG_SECOND_VERIFIER_EXECUTION_v1,CF27_XBOXUNKNOWN_RTG_JOURNEYTYPE_UNDERDOG,Body-related appearance controls,UNDERDOG,,phase0-video-001,18-23,phase0-source-phase0-video-001,,yes,yes,notApplicable,no,yes,yes,yes,VERIFIED;VERIFIED_WITH_NOTES;RECAPTURE_REQUIRED;VERSION_MISMATCH;MISSING_EVIDENCE;COUNT_MISMATCH;ORDER_MISMATCH;DEPENDENCY_UNRESOLVED;NOT_VERIFIED,for non-clean decisions,CAN_REVIEW_IMMEDIATELY_FROM_EXISTING_MEDIA,,CF27-MIN-RECAP-001;CF27-MIN-RECAP-003;CF27-MIN-RECAP-004;CF27-MIN-RECAP-006;CF27-MIN-RECAP-007;CF27-MIN-RECAP-008;CF27-MIN-RECAP-010;CF27-MIN-RECAP-011;CF27-MIN-RECAP-012;CF27-MIN-RECAP-013;CF27-MIN-RECAP-015;CF27-MIN-RECAP-018;CF27-MIN-RECAP-020;CF27-MIN-RECAP-021,NOT_ELIGIBLE,"Second-person verification has not occurred; environment/version metadata, recapture tasks, duplicate/order review, catalog-manager disposition, and immutable production release remain required."
CF27_XBOX_RTG_SECOND_VERIFIER_EXECUTION_v1,CF27_XBOXUNKNOWN_RTG_POSITION_QB,Body-related appearance controls,QB,,phase0-video-001,24-29,phase0-source-phase0-video-001,,yes,yes,notApplicable,no,no,yes,yes,VERIFIED;VERIFIED_WITH_NOTES;RECAPTURE_REQUIRED;VERSION_MISMATCH;MISSING_EVIDENCE;COUNT_MISMATCH;ORDER_MISMATCH;DEPENDENCY_UNRESOLVED;NOT_VERIFIED,for non-clean decisions,CAN_REVIEW_IMMEDIATELY_FROM_EXISTING_MEDIA,,CF27-MIN-RECAP-001;CF27-MIN-RECAP-003;CF27-MIN-RECAP-004;CF27-MIN-RECAP-006;CF27-MIN-RECAP-007;CF27-MIN-RECAP-008;CF27-MIN-RECAP-010;CF27-MIN-RECAP-011;CF27-MIN-RECAP-012;CF27-MIN-RECAP-013;CF27-MIN-RECAP-015;CF27-MIN-RECAP-018;CF27-MIN-RECAP-020;CF27-MIN-RECAP-021,NOT_ELIGIBLE,"Second-person verification has not occurred; environment/version metadata, recapture tasks, duplicate/order review, catalog-manager disposition, and immutable production release remain required."
CF27_XBOX_RTG_SECOND_VERIFIER_EXECUTION_v1,CF27_XBOXUNKNOWN_RTG_CHIN_SQUARE,Chin,Square,2,CF27_XBOX_SOURCE_2026_08_02_001,230-240.24,phase0-frame-CF27_XBOX_SOURCE_2026_08_02_001-tl-011,,yes,yes,yes,no,yes,yes,yes,VERIFIED;VERIFIED_WITH_NOTES;RECAPTURE_REQUIRED;VERSION_MISMATCH;MISSING_EVIDENCE;COUNT_MISMATCH;ORDER_MISMATCH;DEPENDENCY_UNRESOLVED;NOT_VERIFIED,yes,REQUIRES_WYATT_CLIP,CF27-MIN-RECAP-002,CF27-MIN-RECAP-001;CF27-MIN-RECAP-003;CF27-MIN-RECAP-004;CF27-MIN-RECAP-006;CF27-MIN-RECAP-007;CF27-MIN-RECAP-008;CF27-MIN-RECAP-010;CF27-MIN-RECAP-011;CF27-MIN-RECAP-012;CF27-MIN-RECAP-013;CF27-MIN-RECAP-015;CF27-MIN-RECAP-018;CF27-MIN-RECAP-020;CF27-MIN-RECAP-021,NOT_ELIGIBLE,"Second-person verification has not occurred; environment/version metadata, recapture tasks, duplicate/order review, catalog-manager disposition, and immutable production release remain required."
CF27_XBOX_RTG_SECOND_VERIFIER_EXECUTION_v1,CF27_XBOXUNKNOWN_RTG_EARSHAPE_001,Ear Shape,Attached Lobe,1,phase0-video-009,18-20,phase0-frame-video-009-tl-003,,yes,yes,yes,no,no,yes,yes,VERIFIED;VERIFIED_WITH_NOTES;RECAPTURE_REQUIRED;VERSION_MISMATCH;MISSING_EVIDENCE;COUNT_MISMATCH;ORDER_MISMATCH;DEPENDENCY_UNRESOLVED;NOT_VERIFIED,yes,REQUIRES_WYATT_CLIP,CF27-MIN-RECAP-005,CF27-MIN-RECAP-001;CF27-MIN-RECAP-003;CF27-MIN-RECAP-004;CF27-MIN-RECAP-006;CF27-MIN-RECAP-007;CF27-MIN-RECAP-008;CF27-MIN-RECAP-010;CF27-MIN-RECAP-011;CF27-MIN-RECAP-012;CF27-MIN-RECAP-013;CF27-MIN-RECAP-015;CF27-MIN-RECAP-018;CF27-MIN-RECAP-020;CF27-MIN-RECAP-021,NOT_ELIGIBLE,"Second-person verification has not occurred; environment/version metadata, recapture tasks, duplicate/order review, catalog-manager disposition, and immutable production release remain required."
CF27_XBOX_RTG_SECOND_VERIFIER_EXECUTION_v1,CF27_XBOXUNKNOWN_RTG_EARSHAPE_002,Ear Shape,None,2,phase0-video-009,16-17,phase0-frame-video-009-tl-002;phase0-frame-video-009-tl-004,,yes,yes,yes,yes,no,yes,yes,VERIFIED;VERIFIED_WITH_NOTES;RECAPTURE_REQUIRED;VERSION_MISMATCH;MISSING_EVIDENCE;COUNT_MISMATCH;ORDER_MISMATCH;DEPENDENCY_UNRESOLVED;NOT_VERIFIED,yes,REQUIRES_WYATT_CLIP,CF27-MIN-RECAP-005,CF27-MIN-RECAP-001;CF27-MIN-RECAP-003;CF27-MIN-RECAP-004;CF27-MIN-RECAP-006;CF27-MIN-RECAP-007;CF27-MIN-RECAP-008;CF27-MIN-RECAP-010;CF27-MIN-RECAP-011;CF27-MIN-RECAP-012;CF27-MIN-RECAP-013;CF27-MIN-RECAP-015;CF27-MIN-RECAP-018;CF27-MIN-RECAP-020;CF27-MIN-RECAP-021,NOT_ELIGIBLE,"Second-person verification has not occurred; environment/version metadata, recapture tasks, duplicate/order review, catalog-manager disposition, and immutable production release remain required."
CF27_XBOX_RTG_SECOND_VERIFIER_EXECUTION_v1,CF27_XBOXUNKNOWN_RTG_EARSHAPE_003,Ear Shape,Round Free Lobe,3,phase0-video-009,23-25,phase0-frame-video-009-tl-005,,yes,yes,yes,no,yes,yes,yes,VERIFIED;VERIFIED_WITH_NOTES;RECAPTURE_REQUIRED;VERSION_MISMATCH;MISSING_EVIDENCE;COUNT_MISMATCH;ORDER_MISMATCH;DEPENDENCY_UNRESOLVED;NOT_VERIFIED,yes,REQUIRES_WYATT_CLIP,CF27-MIN-RECAP-005,CF27-MIN-RECAP-001;CF27-MIN-RECAP-003;CF27-MIN-RECAP-004;CF27-MIN-RECAP-006;CF27-MIN-RECAP-007;CF27-MIN-RECAP-008;CF27-MIN-RECAP-010;CF27-MIN-RECAP-011;CF27-MIN-RECAP-012;CF27-MIN-RECAP-013;CF27-MIN-RECAP-015;CF27-MIN-RECAP-018;CF27-MIN-RECAP-020;CF27-MIN-RECAP-021,NOT_ELIGIBLE,"Second-person verification has not occurred; environment/version metadata, recapture tasks, duplicate/order review, catalog-manager disposition, and immutable production release remain required."
CF27_XBOX_RTG_SECOND_VERIFIER_EXECUTION_v1,CF27_XBOXUNKNOWN_RTG_EARSHAPE_004,Ear Shape,Pointed,4,phase0-video-009,26-30.21,phase0-frame-video-009-tl-006,,yes,yes,yes,no,no,yes,yes,VERIFIED;VERIFIED_WITH_NOTES;RECAPTURE_REQUIRED;VERSION_MISMATCH;MISSING_EVIDENCE;COUNT_MISMATCH;ORDER_MISMATCH;DEPENDENCY_UNRESOLVED;NOT_VERIFIED,yes,REQUIRES_WYATT_CLIP,CF27-MIN-RECAP-005,CF27-MIN-RECAP-001;CF27-MIN-RECAP-003;CF27-MIN-RECAP-004;CF27-MIN-RECAP-006;CF27-MIN-RECAP-007;CF27-MIN-RECAP-008;CF27-MIN-RECAP-010;CF27-MIN-RECAP-011;CF27-MIN-RECAP-012;CF27-MIN-RECAP-013;CF27-MIN-RECAP-015;CF27-MIN-RECAP-018;CF27-MIN-RECAP-020;CF27-MIN-RECAP-021,NOT_ELIGIBLE,"Second-person verification has not occurred; environment/version metadata, recapture tasks, duplicate/order review, catalog-manager disposition, and immutable production release remain required."
CF27_XBOX_RTG_SECOND_VERIFIER_EXECUTION_v1,CF27_XBOXUNKNOWN_RTG_EYECOLOR_001,Eye Color,Light Blue,1,phase0-video-007,12-12,phase0-frame-video-007-tl-002,,yes,yes,yes,no,no,yes,yes,VERIFIED;VERIFIED_WITH_NOTES;RECAPTURE_REQUIRED;VERSION_MISMATCH;MISSING_EVIDENCE;COUNT_MISMATCH;ORDER_MISMATCH;DEPENDENCY_UNRESOLVED;NOT_VERIFIED,for non-clean decisions,CAN_REVIEW_IMMEDIATELY_FROM_EXISTING_MEDIA,,CF27-MIN-RECAP-001;CF27-MIN-RECAP-003;CF27-MIN-RECAP-004;CF27-MIN-RECAP-006;CF27-MIN-RECAP-007;CF27-MIN-RECAP-008;CF27-MIN-RECAP-010;CF27-MIN-RECAP-011;CF27-MIN-RECAP-012;CF27-MIN-RECAP-013;CF27-MIN-RECAP-015;CF27-MIN-RECAP-018;CF27-MIN-RECAP-020;CF27-MIN-RECAP-021,NOT_ELIGIBLE,"Second-person verification has not occurred; environment/version metadata, recapture tasks, duplicate/order review, catalog-manager disposition, and immutable production release remain required."
CF27_XBOX_RTG_SECOND_VERIFIER_EXECUTION_v1,CF27_XBOXUNKNOWN_RTG_EYECOLOR_002,Eye Color,Light Brown,2,phase0-video-007,13-15,phase0-frame-video-007-tl-003,,yes,yes,yes,no,no,yes,yes,VERIFIED;VERIFIED_WITH_NOTES;RECAPTURE_REQUIRED;VERSION_MISMATCH;MISSING_EVIDENCE;COUNT_MISMATCH;ORDER_MISMATCH;DEPENDENCY_UNRESOLVED;NOT_VERIFIED,for non-clean decisions,CAN_REVIEW_IMMEDIATELY_FROM_EXISTING_MEDIA,,CF27-MIN-RECAP-001;CF27-MIN-RECAP-003;CF27-MIN-RECAP-004;CF27-MIN-RECAP-006;CF27-MIN-RECAP-007;CF27-MIN-RECAP-008;CF27-MIN-RECAP-010;CF27-MIN-RECAP-011;CF27-MIN-RECAP-012;CF27-MIN-RECAP-013;CF27-MIN-RECAP-015;CF27-MIN-RECAP-018;CF27-MIN-RECAP-020;CF27-MIN-RECAP-021,NOT_ELIGIBLE,"Second-person verification has not occurred; environment/version metadata, recapture tasks, duplicate/order review, catalog-manager disposition, and immutable production release remain required."
CF27_XBOX_RTG_SECOND_VERIFIER_EXECUTION_v1,CF27_XBOXUNKNOWN_RTG_EYECOLOR_003,Eye Color,Brown,3,phase0-video-007,16-17,phase0-frame-video-007-tl-004,,yes,yes,yes,no,no,yes,yes,VERIFIED;VERIFIED_WITH_NOTES;RECAPTURE_REQUIRED;VERSION_MISMATCH;MISSING_EVIDENCE;COUNT_MISMATCH;ORDER_MISMATCH;DEPENDENCY_UNRESOLVED;NOT_VERIFIED,for non-clean decisions,CAN_REVIEW_IMMEDIATELY_FROM_EXISTING_MEDIA,,CF27-MIN-RECAP-001;CF27-MIN-RECAP-003;CF27-MIN-RECAP-004;CF27-MIN-RECAP-006;CF27-MIN-RECAP-007;CF27-MIN-RECAP-008;CF27-MIN-RECAP-010;CF27-MIN-RECAP-011;CF27-MIN-RECAP-012;CF27-MIN-RECAP-013;CF27-MIN-RECAP-015;CF27-MIN-RECAP-018;CF27-MIN-RECAP-020;CF27-MIN-RECAP-021,NOT_ELIGIBLE,"Second-person verification has not occurred; environment/version metadata, recapture tasks, duplicate/order review, catalog-manager disposition, and immutable production release remain required."
CF27_XBOX_RTG_SECOND_VERIFIER_EXECUTION_v1,CF27_XBOXUNKNOWN_RTG_EYECOLOR_004,Eye Color,Blue,4,phase0-video-007,18-20,phase0-frame-video-007-tl-005,,yes,yes,yes,no,no,yes,yes,VERIFIED;VERIFIED_WITH_NOTES;RECAPTURE_REQUIRED;VERSION_MISMATCH;MISSING_EVIDENCE;COUNT_MISMATCH;ORDER_MISMATCH;DEPENDENCY_UNRESOLVED;NOT_VERIFIED,for non-clean decisions,CAN_REVIEW_IMMEDIATELY_FROM_EXISTING_MEDIA,,CF27-MIN-RECAP-001;CF27-MIN-RECAP-003;CF27-MIN-RECAP-004;CF27-MIN-RECAP-006;CF27-MIN-RECAP-007;CF27-MIN-RECAP-008;CF27-MIN-RECAP-010;CF27-MIN-RECAP-011;CF27-MIN-RECAP-012;CF27-MIN-RECAP-013;CF27-MIN-RECAP-015;CF27-MIN-RECAP-018;CF27-MIN-RECAP-020;CF27-MIN-RECAP-021,NOT_ELIGIBLE,"Second-person verification has not occurred; environment/version metadata, recapture tasks, duplicate/order review, catalog-manager disposition, and immutable production release remain required."
CF27_XBOX_RTG_SECOND_VERIFIER_EXECUTION_v1,CF27_XBOXUNKNOWN_RTG_EYECOLOR_005,Eye Color,Light Green,5,phase0-video-007,25-29.33,phase0-frame-video-007-tl-008,,yes,yes,yes,no,no,yes,yes,VERIFIED;VERIFIED_WITH_NOTES;RECAPTURE_REQUIRED;VERSION_MISMATCH;MISSING_EVIDENCE;COUNT_MISMATCH;ORDER_MISMATCH;DEPENDENCY_UNRESOLVED;NOT_VERIFIED,for non-clean decisions,CAN_REVIEW_IMMEDIATELY_FROM_EXISTING_MEDIA,,CF27-MIN-RECAP-001;CF27-MIN-RECAP-003;CF27-MIN-RECAP-004;CF27-MIN-RECAP-006;CF27-MIN-RECAP-007;CF27-MIN-RECAP-008;CF27-MIN-RECAP-010;CF27-MIN-RECAP-011;CF27-MIN-RECAP-012;CF27-MIN-RECAP-013;CF27-MIN-RECAP-015;CF27-MIN-RECAP-018;CF27-MIN-RECAP-020;CF27-MIN-RECAP-021,NOT_ELIGIBLE,"Second-person verification has not occurred; environment/version metadata, recapture tasks, duplicate/order review, catalog-manager disposition, and immutable production release remain required."
CF27_XBOX_RTG_SECOND_VERIFIER_EXECUTION_v1,CF27_XBOXUNKNOWN_RTG_EYECOLOR_006,Eye Color,Grey,6,phase0-video-007,23-24,phase0-frame-video-007-tl-007,,yes,yes,yes,no,yes,yes,yes,VERIFIED;VERIFIED_WITH_NOTES;RECAPTURE_REQUIRED;VERSION_MISMATCH;MISSING_EVIDENCE;COUNT_MISMATCH;ORDER_MISMATCH;DEPENDENCY_UNRESOLVED;NOT_VERIFIED,for non-clean decisions,CAN_REVIEW_IMMEDIATELY_FROM_EXISTING_MEDIA,,CF27-MIN-RECAP-001;CF27-MIN-RECAP-003;CF27-MIN-RECAP-004;CF27-MIN-RECAP-006;CF27-MIN-RECAP-007;CF27-MIN-RECAP-008;CF27-MIN-RECAP-010;CF27-MIN-RECAP-011;CF27-MIN-RECAP-012;CF27-MIN-RECAP-013;CF27-MIN-RECAP-015;CF27-MIN-RECAP-018;CF27-MIN-RECAP-020;CF27-MIN-RECAP-021,NOT_ELIGIBLE,"Second-person verification has not occurred; environment/version metadata, recapture tasks, duplicate/order review, catalog-manager disposition, and immutable production release remain required."
CF27_XBOX_RTG_SECOND_VERIFIER_EXECUTION_v1,CF27_XBOXUNKNOWN_RTG_EYECOLOR_007,Eye Color,Hazel,7,phase0-video-007,21-22,phase0-frame-video-007-tl-006,,yes,yes,yes,no,yes,yes,yes,VERIFIED;VERIFIED_WITH_NOTES;RECAPTURE_REQUIRED;VERSION_MISMATCH;MISSING_EVIDENCE;COUNT_MISMATCH;ORDER_MISMATCH;DEPENDENCY_UNRESOLVED;NOT_VERIFIED,for non-clean decisions,CAN_REVIEW_IMMEDIATELY_FROM_EXISTING_MEDIA,,CF27-MIN-RECAP-001;CF27-MIN-RECAP-003;CF27-MIN-RECAP-004;CF27-MIN-RECAP-006;CF27-MIN-RECAP-007;CF27-MIN-RECAP-008;CF27-MIN-RECAP-010;CF27-MIN-RECAP-011;CF27-MIN-RECAP-012;CF27-MIN-RECAP-013;CF27-MIN-RECAP-015;CF27-MIN-RECAP-018;CF27-MIN-RECAP-020;CF27-MIN-RECAP-021,NOT_ELIGIBLE,"Second-person verification has not occurred; environment/version metadata, recapture tasks, duplicate/order review, catalog-manager disposition, and immutable production release remain required."
CF27_XBOX_RTG_SECOND_VERIFIER_EXECUTION_v1,CF27_XBOXUNKNOWN_RTG_EYESHAPE_001,Eye Shape,Almond,1,phase0-video-006,14-14,phase0-frame-video-006-tl-002,,yes,yes,yes,no,yes,yes,yes,VERIFIED;VERIFIED_WITH_NOTES;RECAPTURE_REQUIRED;VERSION_MISMATCH;MISSING_EVIDENCE;COUNT_MISMATCH;ORDER_MISMATCH;DEPENDENCY_UNRESOLVED;NOT_VERIFIED,for non-clean decisions,CAN_REVIEW_IMMEDIATELY_FROM_EXISTING_MEDIA,,CF27-MIN-RECAP-001;CF27-MIN-RECAP-003;CF27-MIN-RECAP-004;CF27-MIN-RECAP-006;CF27-MIN-RECAP-007;CF27-MIN-RECAP-008;CF27-MIN-RECAP-010;CF27-MIN-RECAP-011;CF27-MIN-RECAP-012;CF27-MIN-RECAP-013;CF27-MIN-RECAP-015;CF27-MIN-RECAP-018;CF27-MIN-RECAP-020;CF27-MIN-RECAP-021,NOT_ELIGIBLE,"Second-person verification has not occurred; environment/version metadata, recapture tasks, duplicate/order review, catalog-manager disposition, and immutable production release remain required."
CF27_XBOX_RTG_SECOND_VERIFIER_EXECUTION_v1,CF27_XBOXUNKNOWN_RTG_EYESHAPE_002,Eye Shape,None,2,phase0-video-006,15-16,phase0-frame-video-006-tl-003,,yes,yes,yes,no,yes,yes,yes,VERIFIED;VERIFIED_WITH_NOTES;RECAPTURE_REQUIRED;VERSION_MISMATCH;MISSING_EVIDENCE;COUNT_MISMATCH;ORDER_MISMATCH;DEPENDENCY_UNRESOLVED;NOT_VERIFIED,for non-clean decisions,CAN_REVIEW_IMMEDIATELY_FROM_EXISTING_MEDIA,,CF27-MIN-RECAP-001;CF27-MIN-RECAP-003;CF27-MIN-RECAP-004;CF27-MIN-RECAP-006;CF27-MIN-RECAP-007;CF27-MIN-RECAP-008;CF27-MIN-RECAP-010;CF27-MIN-RECAP-011;CF27-MIN-RECAP-012;CF27-MIN-RECAP-013;CF27-MIN-RECAP-015;CF27-MIN-RECAP-018;CF27-MIN-RECAP-020;CF27-MIN-RECAP-021,NOT_ELIGIBLE,"Second-person verification has not occurred; environment/version metadata, recapture tasks, duplicate/order review, catalog-manager disposition, and immutable production release remain required."
CF27_XBOX_RTG_SECOND_VERIFIER_EXECUTION_v1,CF27_XBOXUNKNOWN_RTG_EYESHAPE_003,Eye Shape,Prominent,3,phase0-video-006,17-18,phase0-frame-video-006-tl-004,,yes,yes,yes,no,no,yes,yes,VERIFIED;VERIFIED_WITH_NOTES;RECAPTURE_REQUIRED;VERSION_MISMATCH;MISSING_EVIDENCE;COUNT_MISMATCH;ORDER_MISMATCH;DEPENDENCY_UNRESOLVED;NOT_VERIFIED,for non-clean decisions,CAN_REVIEW_IMMEDIATELY_FROM_EXISTING_MEDIA,,CF27-MIN-RECAP-001;CF27-MIN-RECAP-003;CF27-MIN-RECAP-004;CF27-MIN-RECAP-006;CF27-MIN-RECAP-007;CF27-MIN-RECAP-008;CF27-MIN-RECAP-010;CF27-MIN-RECAP-011;CF27-MIN-RECAP-012;CF27-MIN-RECAP-013;CF27-MIN-RECAP-015;CF27-MIN-RECAP-018;CF27-MIN-RECAP-020;CF27-MIN-RECAP-021,NOT_ELIGIBLE,"Second-person verification has not occurred; environment/version metadata, recapture tasks, duplicate/order review, catalog-manager disposition, and immutable production release remain required."
CF27_XBOX_RTG_SECOND_VERIFIER_EXECUTION_v1,CF27_XBOXUNKNOWN_RTG_EYESHAPE_004,Eye Shape,Monolid,4,phase0-video-006,19-19,phase0-frame-video-006-tl-005,,yes,yes,yes,no,no,yes,yes,VERIFIED;VERIFIED_WITH_NOTES;RECAPTURE_REQUIRED;VERSION_MISMATCH;MISSING_EVIDENCE;COUNT_MISMATCH;ORDER_MISMATCH;DEPENDENCY_UNRESOLVED;NOT_VERIFIED,for non-clean decisions,CAN_REVIEW_IMMEDIATELY_FROM_EXISTING_MEDIA,,CF27-MIN-RECAP-001;CF27-MIN-RECAP-003;CF27-MIN-RECAP-004;CF27-MIN-RECAP-006;CF27-MIN-RECAP-007;CF27-MIN-RECAP-008;CF27-MIN-RECAP-010;CF27-MIN-RECAP-011;CF27-MIN-RECAP-012;CF27-MIN-RECAP-013;CF27-MIN-RECAP-015;CF27-MIN-RECAP-018;CF27-MIN-RECAP-020;CF27-MIN-RECAP-021,NOT_ELIGIBLE,"Second-person verification has not occurred; environment/version metadata, recapture tasks, duplicate/order review, catalog-manager disposition, and immutable production release remain required."
CF27_XBOX_RTG_SECOND_VERIFIER_EXECUTION_v1,CF27_XBOXUNKNOWN_RTG_EYESHAPE_005,Eye Shape,Hooded,5,phase0-video-006,20-24.93,phase0-frame-video-006-tl-006,,yes,yes,yes,no,no,yes,yes,VERIFIED;VERIFIED_WITH_NOTES;RECAPTURE_REQUIRED;VERSION_MISMATCH;MISSING_EVIDENCE;COUNT_MISMATCH;ORDER_MISMATCH;DEPENDENCY_UNRESOLVED;NOT_VERIFIED,for non-clean decisions,CAN_REVIEW_IMMEDIATELY_FROM_EXISTING_MEDIA,,CF27-MIN-RECAP-001;CF27-MIN-RECAP-003;CF27-MIN-RECAP-004;CF27-MIN-RECAP-006;CF27-MIN-RECAP-007;CF27-MIN-RECAP-008;CF27-MIN-RECAP-010;CF27-MIN-RECAP-011;CF27-MIN-RECAP-012;CF27-MIN-RECAP-013;CF27-MIN-RECAP-015;CF27-MIN-RECAP-018;CF27-MIN-RECAP-020;CF27-MIN-RECAP-021,NOT_ELIGIBLE,"Second-person verification has not occurred; environment/version metadata, recapture tasks, duplicate/order review, catalog-manager disposition, and immutable production release remain required."
CF27_XBOX_RTG_SECOND_VERIFIER_EXECUTION_v1,CF27_XBOXUNKNOWN_RTG_FACIALHAIRCOLOR_PURPLE,Facial-hair colors,Purple,,CF27_XBOX_SOURCE_2026_08_02_002,225-235.35,phase0-frame-CF27_XBOX_SOURCE_2026_08_02_002-tl-005,phase0-frame-reextract-req-views-facial-hair-colors-front,yes,yes,notApplicable,no,no,yes,yes,VERIFIED;VERIFIED_WITH_NOTES;RECAPTURE_REQUIRED;VERSION_MISMATCH;MISSING_EVIDENCE;COUNT_MISMATCH;ORDER_MISMATCH;DEPENDENCY_UNRESOLVED;NOT_VERIFIED,yes,REQUIRES_INDEPENDENT_CONSOLE_RECOUNT,,CF27-MIN-RECAP-001;CF27-MIN-RECAP-003;CF27-MIN-RECAP-004;CF27-MIN-RECAP-006;CF27-MIN-RECAP-007;CF27-MIN-RECAP-008;CF27-MIN-RECAP-010;CF27-MIN-RECAP-011;CF27-MIN-RECAP-012;CF27-MIN-RECAP-013;CF27-MIN-RECAP-015;CF27-MIN-RECAP-018;CF27-MIN-RECAP-020;CF27-MIN-RECAP-021,NOT_ELIGIBLE,"Second-person verification has not occurred; environment/version metadata, recapture tasks, duplicate/order review, catalog-manager disposition, and immutable production release remain required."
CF27_XBOX_RTG_SECOND_VERIFIER_EXECUTION_v1,CF27_XBOXUNKNOWN_RTG_FACIALHAIR_MUTTON_CHOPS,Facial hair,Mutton Chops,,CF27_XBOX_SOURCE_2026_08_02_002,175-224,phase0-frame-CF27_XBOX_SOURCE_2026_08_02_002-tl-004,,yes,yes,notApplicable,no,no,yes,yes,VERIFIED;VERIFIED_WITH_NOTES;RECAPTURE_REQUIRED;VERSION_MISMATCH;MISSING_EVIDENCE;COUNT_MISMATCH;ORDER_MISMATCH;DEPENDENCY_UNRESOLVED;NOT_VERIFIED,yes,REQUIRES_WYATT_CLIP,CF27-MIN-RECAP-009,CF27-MIN-RECAP-001;CF27-MIN-RECAP-003;CF27-MIN-RECAP-004;CF27-MIN-RECAP-006;CF27-MIN-RECAP-007;CF27-MIN-RECAP-008;CF27-MIN-RECAP-010;CF27-MIN-RECAP-011;CF27-MIN-RECAP-012;CF27-MIN-RECAP-013;CF27-MIN-RECAP-015;CF27-MIN-RECAP-018;CF27-MIN-RECAP-020;CF27-MIN-RECAP-021,NOT_ELIGIBLE,"Second-person verification has not occurred; environment/version metadata, recapture tasks, duplicate/order review, catalog-manager disposition, and immutable production release remain required."
CF27_XBOX_RTG_SECOND_VERIFIER_EXECUTION_v1,CF27_XBOXUNKNOWN_RTG_HAIRCOLOR_LIGHT_BROWN,Hair colors,Light Brown,,CF27_XBOX_SOURCE_2026_08_02_002,100-174,phase0-frame-CF27_XBOX_SOURCE_2026_08_02_002-tl-003,phase0-frame-reextract-req-views-hair-colors-front,yes,yes,notApplicable,no,no,yes,yes,VERIFIED;VERIFIED_WITH_NOTES;RECAPTURE_REQUIRED;VERSION_MISMATCH;MISSING_EVIDENCE;COUNT_MISMATCH;ORDER_MISMATCH;DEPENDENCY_UNRESOLVED;NOT_VERIFIED,yes,REQUIRES_INDEPENDENT_CONSOLE_RECOUNT,,CF27-MIN-RECAP-001;CF27-MIN-RECAP-003;CF27-MIN-RECAP-004;CF27-MIN-RECAP-006;CF27-MIN-RECAP-007;CF27-MIN-RECAP-008;CF27-MIN-RECAP-010;CF27-MIN-RECAP-011;CF27-MIN-RECAP-012;CF27-MIN-RECAP-013;CF27-MIN-RECAP-015;CF27-MIN-RECAP-018;CF27-MIN-RECAP-020;CF27-MIN-RECAP-021,NOT_ELIGIBLE,"Second-person verification has not occurred; environment/version metadata, recapture tasks, duplicate/order review, catalog-manager disposition, and immutable production release remain required."
CF27_XBOX_RTG_SECOND_VERIFIER_EXECUTION_v1,CF27_XBOXUNKNOWN_RTG_HAIRSTYLE_SHORT_CURLY,Hairstyles,Short Curly,1,CF27_XBOX_SOURCE_2026_08_02_002,5-99,phase0-frame-CF27_XBOX_SOURCE_2026_08_02_002-tl-002,,yes,yes,yes,no,yes,yes,yes,VERIFIED;VERIFIED_WITH_NOTES;RECAPTURE_REQUIRED;VERSION_MISMATCH;MISSING_EVIDENCE;COUNT_MISMATCH;ORDER_MISMATCH;DEPENDENCY_UNRESOLVED;NOT_VERIFIED,yes,REQUIRES_WYATT_CLIP,CF27-MIN-RECAP-014,CF27-MIN-RECAP-001;CF27-MIN-RECAP-003;CF27-MIN-RECAP-004;CF27-MIN-RECAP-006;CF27-MIN-RECAP-007;CF27-MIN-RECAP-008;CF27-MIN-RECAP-010;CF27-MIN-RECAP-011;CF27-MIN-RECAP-012;CF27-MIN-RECAP-013;CF27-MIN-RECAP-015;CF27-MIN-RECAP-018;CF27-MIN-RECAP-020;CF27-MIN-RECAP-021,NOT_ELIGIBLE,"Second-person verification has not occurred; environment/version metadata, recapture tasks, duplicate/order review, catalog-manager disposition, and immutable production release remain required."
CF27_XBOX_RTG_SECOND_VERIFIER_EXECUTION_v1,CF27_XBOXUNKNOWN_RTG_HEAD_001,Heads,Face 1,1,phase0-video-002,10-19,phase0-frame-video-002-tl-004,,yes,yes,yes,no,no,yes,yes,VERIFIED;VERIFIED_WITH_NOTES;RECAPTURE_REQUIRED;VERSION_MISMATCH;MISSING_EVIDENCE;COUNT_MISMATCH;ORDER_MISMATCH;DEPENDENCY_UNRESOLVED;NOT_VERIFIED,yes,REQUIRES_WYATT_CLIP,CF27-MIN-RECAP-016,CF27-MIN-RECAP-001;CF27-MIN-RECAP-003;CF27-MIN-RECAP-004;CF27-MIN-RECAP-006;CF27-MIN-RECAP-007;CF27-MIN-RECAP-008;CF27-MIN-RECAP-010;CF27-MIN-RECAP-011;CF27-MIN-RECAP-012;CF27-MIN-RECAP-013;CF27-MIN-RECAP-015;CF27-MIN-RECAP-018;CF27-MIN-RECAP-020;CF27-MIN-RECAP-021,NOT_ELIGIBLE,"Second-person verification has not occurred; environment/version metadata, recapture tasks, duplicate/order review, catalog-manager disposition, and immutable production release remain required."
CF27_XBOX_RTG_SECOND_VERIFIER_EXECUTION_v1,CF27_XBOXUNKNOWN_RTG_HEAD_002,Heads,Face 2,2,phase0-video-002,20-28,phase0-frame-video-002-tl-005,,yes,yes,yes,no,no,yes,yes,VERIFIED;VERIFIED_WITH_NOTES;RECAPTURE_REQUIRED;VERSION_MISMATCH;MISSING_EVIDENCE;COUNT_MISMATCH;ORDER_MISMATCH;DEPENDENCY_UNRESOLVED;NOT_VERIFIED,yes,REQUIRES_WYATT_CLIP,CF27-MIN-RECAP-016,CF27-MIN-RECAP-001;CF27-MIN-RECAP-003;CF27-MIN-RECAP-004;CF27-MIN-RECAP-006;CF27-MIN-RECAP-007;CF27-MIN-RECAP-008;CF27-MIN-RECAP-010;CF27-MIN-RECAP-011;CF27-MIN-RECAP-012;CF27-MIN-RECAP-013;CF27-MIN-RECAP-015;CF27-MIN-RECAP-018;CF27-MIN-RECAP-020;CF27-MIN-RECAP-021,NOT_ELIGIBLE,"Second-person verification has not occurred; environment/version metadata, recapture tasks, duplicate/order review, catalog-manager disposition, and immutable production release remain required."
CF27_XBOX_RTG_SECOND_VERIFIER_EXECUTION_v1,CF27_XBOXUNKNOWN_RTG_HEAD_003,Heads,Face 3,3,phase0-video-002,29-38,phase0-frame-video-002-tl-006,,yes,yes,yes,no,no,yes,yes,VERIFIED;VERIFIED_WITH_NOTES;RECAPTURE_REQUIRED;VERSION_MISMATCH;MISSING_EVIDENCE;COUNT_MISMATCH;ORDER_MISMATCH;DEPENDENCY_UNRESOLVED;NOT_VERIFIED,yes,REQUIRES_WYATT_CLIP,CF27-MIN-RECAP-016,CF27-MIN-RECAP-001;CF27-MIN-RECAP-003;CF27-MIN-RECAP-004;CF27-MIN-RECAP-006;CF27-MIN-RECAP-007;CF27-MIN-RECAP-008;CF27-MIN-RECAP-010;CF27-MIN-RECAP-011;CF27-MIN-RECAP-012;CF27-MIN-RECAP-013;CF27-MIN-RECAP-015;CF27-MIN-RECAP-018;CF27-MIN-RECAP-020;CF27-MIN-RECAP-021,NOT_ELIGIBLE,"Second-person verification has not occurred; environment/version metadata, recapture tasks, duplicate/order review, catalog-manager disposition, and immutable production release remain required."
CF27_XBOX_RTG_SECOND_VERIFIER_EXECUTION_v1,CF27_XBOXUNKNOWN_RTG_HEAD_004,Heads,Face 4,4,phase0-video-002,39-48,phase0-frame-video-002-tl-007,,yes,yes,yes,no,no,yes,yes,VERIFIED;VERIFIED_WITH_NOTES;RECAPTURE_REQUIRED;VERSION_MISMATCH;MISSING_EVIDENCE;COUNT_MISMATCH;ORDER_MISMATCH;DEPENDENCY_UNRESOLVED;NOT_VERIFIED,yes,REQUIRES_WYATT_CLIP,CF27-MIN-RECAP-016,CF27-MIN-RECAP-001;CF27-MIN-RECAP-003;CF27-MIN-RECAP-004;CF27-MIN-RECAP-006;CF27-MIN-RECAP-007;CF27-MIN-RECAP-008;CF27-MIN-RECAP-010;CF27-MIN-RECAP-011;CF27-MIN-RECAP-012;CF27-MIN-RECAP-013;CF27-MIN-RECAP-015;CF27-MIN-RECAP-018;CF27-MIN-RECAP-020;CF27-MIN-RECAP-021,NOT_ELIGIBLE,"Second-person verification has not occurred; environment/version metadata, recapture tasks, duplicate/order review, catalog-manager disposition, and immutable production release remain required."
CF27_XBOX_RTG_SECOND_VERIFIER_EXECUTION_v1,CF27_XBOXUNKNOWN_RTG_HEAD_005,Heads,Face 5,5,phase0-video-002,69-74,phase0-frame-video-002-tl-011,,yes,yes,yes,no,no,yes,yes,VERIFIED;VERIFIED_WITH_NOTES;RECAPTURE_REQUIRED;VERSION_MISMATCH;MISSING_EVIDENCE;COUNT_MISMATCH;ORDER_MISMATCH;DEPENDENCY_UNRESOLVED;NOT_VERIFIED,yes,REQUIRES_WYATT_CLIP,CF27-MIN-RECAP-016,CF27-MIN-RECAP-001;CF27-MIN-RECAP-003;CF27-MIN-RECAP-004;CF27-MIN-RECAP-006;CF27-MIN-RECAP-007;CF27-MIN-RECAP-008;CF27-MIN-RECAP-010;CF27-MIN-RECAP-011;CF27-MIN-RECAP-012;CF27-MIN-RECAP-013;CF27-MIN-RECAP-015;CF27-MIN-RECAP-018;CF27-MIN-RECAP-020;CF27-MIN-RECAP-021,NOT_ELIGIBLE,"Second-person verification has not occurred; environment/version metadata, recapture tasks, duplicate/order review, catalog-manager disposition, and immutable production release remain required."
CF27_XBOX_RTG_SECOND_VERIFIER_EXECUTION_v1,CF27_XBOXUNKNOWN_RTG_HEAD_006,Heads,Face 6,6,phase0-video-002,60-68,phase0-frame-video-002-tl-010,,yes,yes,yes,no,no,yes,yes,VERIFIED;VERIFIED_WITH_NOTES;RECAPTURE_REQUIRED;VERSION_MISMATCH;MISSING_EVIDENCE;COUNT_MISMATCH;ORDER_MISMATCH;DEPENDENCY_UNRESOLVED;NOT_VERIFIED,yes,REQUIRES_WYATT_CLIP,CF27-MIN-RECAP-016,CF27-MIN-RECAP-001;CF27-MIN-RECAP-003;CF27-MIN-RECAP-004;CF27-MIN-RECAP-006;CF27-MIN-RECAP-007;CF27-MIN-RECAP-008;CF27-MIN-RECAP-010;CF27-MIN-RECAP-011;CF27-MIN-RECAP-012;CF27-MIN-RECAP-013;CF27-MIN-RECAP-015;CF27-MIN-RECAP-018;CF27-MIN-RECAP-020;CF27-MIN-RECAP-021,NOT_ELIGIBLE,"Second-person verification has not occurred; environment/version metadata, recapture tasks, duplicate/order review, catalog-manager disposition, and immutable production release remain required."
CF27_XBOX_RTG_SECOND_VERIFIER_EXECUTION_v1,CF27_XBOXUNKNOWN_RTG_HEAD_007,Heads,Face 7,7,phase0-video-002,54-59,phase0-frame-video-002-tl-009,,yes,yes,yes,no,no,yes,yes,VERIFIED;VERIFIED_WITH_NOTES;RECAPTURE_REQUIRED;VERSION_MISMATCH;MISSING_EVIDENCE;COUNT_MISMATCH;ORDER_MISMATCH;DEPENDENCY_UNRESOLVED;NOT_VERIFIED,yes,REQUIRES_WYATT_CLIP,CF27-MIN-RECAP-016,CF27-MIN-RECAP-001;CF27-MIN-RECAP-003;CF27-MIN-RECAP-004;CF27-MIN-RECAP-006;CF27-MIN-RECAP-007;CF27-MIN-RECAP-008;CF27-MIN-RECAP-010;CF27-MIN-RECAP-011;CF27-MIN-RECAP-012;CF27-MIN-RECAP-013;CF27-MIN-RECAP-015;CF27-MIN-RECAP-018;CF27-MIN-RECAP-020;CF27-MIN-RECAP-021,NOT_ELIGIBLE,"Second-person verification has not occurred; environment/version metadata, recapture tasks, duplicate/order review, catalog-manager disposition, and immutable production release remain required."
CF27_XBOX_RTG_SECOND_VERIFIER_EXECUTION_v1,CF27_XBOXUNKNOWN_RTG_HEAD_008,Heads,Face 8,8,phase0-video-002,49-53,phase0-frame-video-002-tl-008,,yes,yes,yes,no,yes,yes,yes,VERIFIED;VERIFIED_WITH_NOTES;RECAPTURE_REQUIRED;VERSION_MISMATCH;MISSING_EVIDENCE;COUNT_MISMATCH;ORDER_MISMATCH;DEPENDENCY_UNRESOLVED;NOT_VERIFIED,yes,REQUIRES_WYATT_CLIP,CF27-MIN-RECAP-016,CF27-MIN-RECAP-001;CF27-MIN-RECAP-003;CF27-MIN-RECAP-004;CF27-MIN-RECAP-006;CF27-MIN-RECAP-007;CF27-MIN-RECAP-008;CF27-MIN-RECAP-010;CF27-MIN-RECAP-011;CF27-MIN-RECAP-012;CF27-MIN-RECAP-013;CF27-MIN-RECAP-015;CF27-MIN-RECAP-018;CF27-MIN-RECAP-020;CF27-MIN-RECAP-021,NOT_ELIGIBLE,"Second-person verification has not occurred; environment/version metadata, recapture tasks, duplicate/order review, catalog-manager disposition, and immutable production release remain required."
CF27_XBOX_RTG_SECOND_VERIFIER_EXECUTION_v1,CF27_XBOXUNKNOWN_RTG_HEAD_009,Heads,Face 9,9,phase0-video-002,75-79,phase0-frame-video-002-tl-012,,yes,yes,yes,no,no,yes,yes,VERIFIED;VERIFIED_WITH_NOTES;RECAPTURE_REQUIRED;VERSION_MISMATCH;MISSING_EVIDENCE;COUNT_MISMATCH;ORDER_MISMATCH;DEPENDENCY_UNRESOLVED;NOT_VERIFIED,yes,REQUIRES_WYATT_CLIP,CF27-MIN-RECAP-016,CF27-MIN-RECAP-001;CF27-MIN-RECAP-003;CF27-MIN-RECAP-004;CF27-MIN-RECAP-006;CF27-MIN-RECAP-007;CF27-MIN-RECAP-008;CF27-MIN-RECAP-010;CF27-MIN-RECAP-011;CF27-MIN-RECAP-012;CF27-MIN-RECAP-013;CF27-MIN-RECAP-015;CF27-MIN-RECAP-018;CF27-MIN-RECAP-020;CF27-MIN-RECAP-021,NOT_ELIGIBLE,"Second-person verification has not occurred; environment/version metadata, recapture tasks, duplicate/order review, catalog-manager disposition, and immutable production release remain required."
CF27_XBOX_RTG_SECOND_VERIFIER_EXECUTION_v1,CF27_XBOXUNKNOWN_RTG_HEAD_010,Heads,Face 10,10,phase0-video-002,80-88,phase0-frame-video-002-tl-013,,yes,yes,yes,no,no,yes,yes,VERIFIED;VERIFIED_WITH_NOTES;RECAPTURE_REQUIRED;VERSION_MISMATCH;MISSING_EVIDENCE;COUNT_MISMATCH;ORDER_MISMATCH;DEPENDENCY_UNRESOLVED;NOT_VERIFIED,yes,REQUIRES_WYATT_CLIP,CF27-MIN-RECAP-016,CF27-MIN-RECAP-001;CF27-MIN-RECAP-003;CF27-MIN-RECAP-004;CF27-MIN-RECAP-006;CF27-MIN-RECAP-007;CF27-MIN-RECAP-008;CF27-MIN-RECAP-010;CF27-MIN-RECAP-011;CF27-MIN-RECAP-012;CF27-MIN-RECAP-013;CF27-MIN-RECAP-015;CF27-MIN-RECAP-018;CF27-MIN-RECAP-020;CF27-MIN-RECAP-021,NOT_ELIGIBLE,"Second-person verification has not occurred; environment/version metadata, recapture tasks, duplicate/order review, catalog-manager disposition, and immutable production release remain required."
CF27_XBOX_RTG_SECOND_VERIFIER_EXECUTION_v1,CF27_XBOXUNKNOWN_RTG_HEAD_011,Heads,Face 11,11,phase0-video-002,89-94,phase0-frame-video-002-tl-014,,yes,yes,yes,no,no,yes,yes,VERIFIED;VERIFIED_WITH_NOTES;RECAPTURE_REQUIRED;VERSION_MISMATCH;MISSING_EVIDENCE;COUNT_MISMATCH;ORDER_MISMATCH;DEPENDENCY_UNRESOLVED;NOT_VERIFIED,yes,REQUIRES_WYATT_CLIP,CF27-MIN-RECAP-016,CF27-MIN-RECAP-001;CF27-MIN-RECAP-003;CF27-MIN-RECAP-004;CF27-MIN-RECAP-006;CF27-MIN-RECAP-007;CF27-MIN-RECAP-008;CF27-MIN-RECAP-010;CF27-MIN-RECAP-011;CF27-MIN-RECAP-012;CF27-MIN-RECAP-013;CF27-MIN-RECAP-015;CF27-MIN-RECAP-018;CF27-MIN-RECAP-020;CF27-MIN-RECAP-021,NOT_ELIGIBLE,"Second-person verification has not occurred; environment/version metadata, recapture tasks, duplicate/order review, catalog-manager disposition, and immutable production release remain required."
CF27_XBOX_RTG_SECOND_VERIFIER_EXECUTION_v1,CF27_XBOXUNKNOWN_RTG_HEAD_012,Heads,Face 12,12,phase0-video-003,0-4,phase0-frame-video-002-tl-015;phase0-frame-video-003-tl-001,,yes,yes,yes,yes,no,yes,yes,VERIFIED;VERIFIED_WITH_NOTES;RECAPTURE_REQUIRED;VERSION_MISMATCH;MISSING_EVIDENCE;COUNT_MISMATCH;ORDER_MISMATCH;DEPENDENCY_UNRESOLVED;NOT_VERIFIED,yes,REQUIRES_WYATT_CLIP,CF27-MIN-RECAP-016,CF27-MIN-RECAP-001;CF27-MIN-RECAP-003;CF27-MIN-RECAP-004;CF27-MIN-RECAP-006;CF27-MIN-RECAP-007;CF27-MIN-RECAP-008;CF27-MIN-RECAP-010;CF27-MIN-RECAP-011;CF27-MIN-RECAP-012;CF27-MIN-RECAP-013;CF27-MIN-RECAP-015;CF27-MIN-RECAP-018;CF27-MIN-RECAP-020;CF27-MIN-RECAP-021,NOT_ELIGIBLE,"Second-person verification has not occurred; environment/version metadata, recapture tasks, duplicate/order review, catalog-manager disposition, and immutable production release remain required."
CF27_XBOX_RTG_SECOND_VERIFIER_EXECUTION_v1,CF27_XBOXUNKNOWN_RTG_HEAD_013,Heads,Face 13,13,phase0-video-003,21-29,phase0-frame-video-003-tl-004,,yes,yes,yes,no,no,yes,yes,VERIFIED;VERIFIED_WITH_NOTES;RECAPTURE_REQUIRED;VERSION_MISMATCH;MISSING_EVIDENCE;COUNT_MISMATCH;ORDER_MISMATCH;DEPENDENCY_UNRESOLVED;NOT_VERIFIED,yes,REQUIRES_WYATT_CLIP,CF27-MIN-RECAP-016,CF27-MIN-RECAP-001;CF27-MIN-RECAP-003;CF27-MIN-RECAP-004;CF27-MIN-RECAP-006;CF27-MIN-RECAP-007;CF27-MIN-RECAP-008;CF27-MIN-RECAP-010;CF27-MIN-RECAP-011;CF27-MIN-RECAP-012;CF27-MIN-RECAP-013;CF27-MIN-RECAP-015;CF27-MIN-RECAP-018;CF27-MIN-RECAP-020;CF27-MIN-RECAP-021,NOT_ELIGIBLE,"Second-person verification has not occurred; environment/version metadata, recapture tasks, duplicate/order review, catalog-manager disposition, and immutable production release remain required."
CF27_XBOX_RTG_SECOND_VERIFIER_EXECUTION_v1,CF27_XBOXUNKNOWN_RTG_HEAD_014,Heads,Face 14,14,phase0-video-003,14-20,phase0-frame-video-003-tl-003,,yes,yes,yes,no,no,yes,yes,VERIFIED;VERIFIED_WITH_NOTES;RECAPTURE_REQUIRED;VERSION_MISMATCH;MISSING_EVIDENCE;COUNT_MISMATCH;ORDER_MISMATCH;DEPENDENCY_UNRESOLVED;NOT_VERIFIED,yes,REQUIRES_WYATT_CLIP,CF27-MIN-RECAP-016,CF27-MIN-RECAP-001;CF27-MIN-RECAP-003;CF27-MIN-RECAP-004;CF27-MIN-RECAP-006;CF27-MIN-RECAP-007;CF27-MIN-RECAP-008;CF27-MIN-RECAP-010;CF27-MIN-RECAP-011;CF27-MIN-RECAP-012;CF27-MIN-RECAP-013;CF27-MIN-RECAP-015;CF27-MIN-RECAP-018;CF27-MIN-RECAP-020;CF27-MIN-RECAP-021,NOT_ELIGIBLE,"Second-person verification has not occurred; environment/version metadata, recapture tasks, duplicate/order review, catalog-manager disposition, and immutable production release remain required."
CF27_XBOX_RTG_SECOND_VERIFIER_EXECUTION_v1,CF27_XBOXUNKNOWN_RTG_HEAD_016,Heads,Face 16,16,phase0-video-003,5-13,phase0-frame-video-003-tl-002;phase0-frame-video-002-tl-016,,yes,yes,yes,yes,no,yes,yes,VERIFIED;VERIFIED_WITH_NOTES;RECAPTURE_REQUIRED;VERSION_MISMATCH;MISSING_EVIDENCE;COUNT_MISMATCH;ORDER_MISMATCH;DEPENDENCY_UNRESOLVED;NOT_VERIFIED,yes,REQUIRES_WYATT_CLIP,CF27-MIN-RECAP-016,CF27-MIN-RECAP-001;CF27-MIN-RECAP-003;CF27-MIN-RECAP-004;CF27-MIN-RECAP-006;CF27-MIN-RECAP-007;CF27-MIN-RECAP-008;CF27-MIN-RECAP-010;CF27-MIN-RECAP-011;CF27-MIN-RECAP-012;CF27-MIN-RECAP-013;CF27-MIN-RECAP-015;CF27-MIN-RECAP-018;CF27-MIN-RECAP-020;CF27-MIN-RECAP-021,NOT_ELIGIBLE,"Second-person verification has not occurred; environment/version metadata, recapture tasks, duplicate/order review, catalog-manager disposition, and immutable production release remain required."
CF27_XBOX_RTG_SECOND_VERIFIER_EXECUTION_v1,CF27_XBOXUNKNOWN_RTG_HEAD_017,Heads,Face 17,17,phase0-video-003,30-39,phase0-frame-video-003-tl-005,,yes,yes,yes,no,no,yes,yes,VERIFIED;VERIFIED_WITH_NOTES;RECAPTURE_REQUIRED;VERSION_MISMATCH;MISSING_EVIDENCE;COUNT_MISMATCH;ORDER_MISMATCH;DEPENDENCY_UNRESOLVED;NOT_VERIFIED,yes,REQUIRES_WYATT_CLIP,CF27-MIN-RECAP-016,CF27-MIN-RECAP-001;CF27-MIN-RECAP-003;CF27-MIN-RECAP-004;CF27-MIN-RECAP-006;CF27-MIN-RECAP-007;CF27-MIN-RECAP-008;CF27-MIN-RECAP-010;CF27-MIN-RECAP-011;CF27-MIN-RECAP-012;CF27-MIN-RECAP-013;CF27-MIN-RECAP-015;CF27-MIN-RECAP-018;CF27-MIN-RECAP-020;CF27-MIN-RECAP-021,NOT_ELIGIBLE,"Second-person verification has not occurred; environment/version metadata, recapture tasks, duplicate/order review, catalog-manager disposition, and immutable production release remain required."
CF27_XBOX_RTG_SECOND_VERIFIER_EXECUTION_v1,CF27_XBOXUNKNOWN_RTG_HEAD_018,Heads,Face 18,18,phase0-video-003,40-49,phase0-frame-video-003-tl-006,,yes,yes,yes,no,yes,yes,yes,VERIFIED;VERIFIED_WITH_NOTES;RECAPTURE_REQUIRED;VERSION_MISMATCH;MISSING_EVIDENCE;COUNT_MISMATCH;ORDER_MISMATCH;DEPENDENCY_UNRESOLVED;NOT_VERIFIED,yes,REQUIRES_WYATT_CLIP,CF27-MIN-RECAP-016,CF27-MIN-RECAP-001;CF27-MIN-RECAP-003;CF27-MIN-RECAP-004;CF27-MIN-RECAP-006;CF27-MIN-RECAP-007;CF27-MIN-RECAP-008;CF27-MIN-RECAP-010;CF27-MIN-RECAP-011;CF27-MIN-RECAP-012;CF27-MIN-RECAP-013;CF27-MIN-RECAP-015;CF27-MIN-RECAP-018;CF27-MIN-RECAP-020;CF27-MIN-RECAP-021,NOT_ELIGIBLE,"Second-person verification has not occurred; environment/version metadata, recapture tasks, duplicate/order review, catalog-manager disposition, and immutable production release remain required."
CF27_XBOX_RTG_SECOND_VERIFIER_EXECUTION_v1,CF27_XBOXUNKNOWN_RTG_HEAD_021,Heads,Face 21,21,phase0-video-003,80-89,phase0-frame-video-003-tl-010,,yes,yes,yes,no,no,yes,yes,VERIFIED;VERIFIED_WITH_NOTES;RECAPTURE_REQUIRED;VERSION_MISMATCH;MISSING_EVIDENCE;COUNT_MISMATCH;ORDER_MISMATCH;DEPENDENCY_UNRESOLVED;NOT_VERIFIED,yes,REQUIRES_WYATT_CLIP,CF27-MIN-RECAP-016,CF27-MIN-RECAP-001;CF27-MIN-RECAP-003;CF27-MIN-RECAP-004;CF27-MIN-RECAP-006;CF27-MIN-RECAP-007;CF27-MIN-RECAP-008;CF27-MIN-RECAP-010;CF27-MIN-RECAP-011;CF27-MIN-RECAP-012;CF27-MIN-RECAP-013;CF27-MIN-RECAP-015;CF27-MIN-RECAP-018;CF27-MIN-RECAP-020;CF27-MIN-RECAP-021,NOT_ELIGIBLE,"Second-person verification has not occurred; environment/version metadata, recapture tasks, duplicate/order review, catalog-manager disposition, and immutable production release remain required."
CF27_XBOX_RTG_SECOND_VERIFIER_EXECUTION_v1,CF27_XBOXUNKNOWN_RTG_HEAD_022,Heads,Face 22,22,phase0-video-003,70-79,phase0-frame-video-003-tl-009,,yes,yes,yes,no,yes,yes,yes,VERIFIED;VERIFIED_WITH_NOTES;RECAPTURE_REQUIRED;VERSION_MISMATCH;MISSING_EVIDENCE;COUNT_MISMATCH;ORDER_MISMATCH;DEPENDENCY_UNRESOLVED;NOT_VERIFIED,yes,REQUIRES_WYATT_CLIP,CF27-MIN-RECAP-016,CF27-MIN-RECAP-001;CF27-MIN-RECAP-003;CF27-MIN-RECAP-004;CF27-MIN-RECAP-006;CF27-MIN-RECAP-007;CF27-MIN-RECAP-008;CF27-MIN-RECAP-010;CF27-MIN-RECAP-011;CF27-MIN-RECAP-012;CF27-MIN-RECAP-013;CF27-MIN-RECAP-015;CF27-MIN-RECAP-018;CF27-MIN-RECAP-020;CF27-MIN-RECAP-021,NOT_ELIGIBLE,"Second-person verification has not occurred; environment/version metadata, recapture tasks, duplicate/order review, catalog-manager disposition, and immutable production release remain required."
CF27_XBOX_RTG_SECOND_VERIFIER_EXECUTION_v1,CF27_XBOXUNKNOWN_RTG_HEAD_023,Heads,Face 23,23,phase0-video-003,50-59,phase0-frame-video-003-tl-007,,yes,yes,yes,no,yes,yes,yes,VERIFIED;VERIFIED_WITH_NOTES;RECAPTURE_REQUIRED;VERSION_MISMATCH;MISSING_EVIDENCE;COUNT_MISMATCH;ORDER_MISMATCH;DEPENDENCY_UNRESOLVED;NOT_VERIFIED,yes,REQUIRES_WYATT_CLIP,CF27-MIN-RECAP-016,CF27-MIN-RECAP-001;CF27-MIN-RECAP-003;CF27-MIN-RECAP-004;CF27-MIN-RECAP-006;CF27-MIN-RECAP-007;CF27-MIN-RECAP-008;CF27-MIN-RECAP-010;CF27-MIN-RECAP-011;CF27-MIN-RECAP-012;CF27-MIN-RECAP-013;CF27-MIN-RECAP-015;CF27-MIN-RECAP-018;CF27-MIN-RECAP-020;CF27-MIN-RECAP-021,NOT_ELIGIBLE,"Second-person verification has not occurred; environment/version metadata, recapture tasks, duplicate/order review, catalog-manager disposition, and immutable production release remain required."
CF27_XBOX_RTG_SECOND_VERIFIER_EXECUTION_v1,CF27_XBOXUNKNOWN_RTG_HEAD_024,Heads,Face 24,24,phase0-video-003,60-69,phase0-frame-video-003-tl-008,,yes,yes,yes,no,yes,yes,yes,VERIFIED;VERIFIED_WITH_NOTES;RECAPTURE_REQUIRED;VERSION_MISMATCH;MISSING_EVIDENCE;COUNT_MISMATCH;ORDER_MISMATCH;DEPENDENCY_UNRESOLVED;NOT_VERIFIED,yes,REQUIRES_WYATT_CLIP,CF27-MIN-RECAP-016,CF27-MIN-RECAP-001;CF27-MIN-RECAP-003;CF27-MIN-RECAP-004;CF27-MIN-RECAP-006;CF27-MIN-RECAP-007;CF27-MIN-RECAP-008;CF27-MIN-RECAP-010;CF27-MIN-RECAP-011;CF27-MIN-RECAP-012;CF27-MIN-RECAP-013;CF27-MIN-RECAP-015;CF27-MIN-RECAP-018;CF27-MIN-RECAP-020;CF27-MIN-RECAP-021,NOT_ELIGIBLE,"Second-person verification has not occurred; environment/version metadata, recapture tasks, duplicate/order review, catalog-manager disposition, and immutable production release remain required."
CF27_XBOX_RTG_SECOND_VERIFIER_EXECUTION_v1,CF27_XBOXUNKNOWN_RTG_HEAD_027,Heads,Face 27,27,phase0-video-003,90-99,phase0-frame-video-003-tl-011,,yes,yes,yes,no,yes,yes,yes,VERIFIED;VERIFIED_WITH_NOTES;RECAPTURE_REQUIRED;VERSION_MISMATCH;MISSING_EVIDENCE;COUNT_MISMATCH;ORDER_MISMATCH;DEPENDENCY_UNRESOLVED;NOT_VERIFIED,yes,REQUIRES_WYATT_CLIP,CF27-MIN-RECAP-016,CF27-MIN-RECAP-001;CF27-MIN-RECAP-003;CF27-MIN-RECAP-004;CF27-MIN-RECAP-006;CF27-MIN-RECAP-007;CF27-MIN-RECAP-008;CF27-MIN-RECAP-010;CF27-MIN-RECAP-011;CF27-MIN-RECAP-012;CF27-MIN-RECAP-013;CF27-MIN-RECAP-015;CF27-MIN-RECAP-018;CF27-MIN-RECAP-020;CF27-MIN-RECAP-021,NOT_ELIGIBLE,"Second-person verification has not occurred; environment/version metadata, recapture tasks, duplicate/order review, catalog-manager disposition, and immutable production release remain required."
CF27_XBOX_RTG_SECOND_VERIFIER_EXECUTION_v1,CF27_XBOXUNKNOWN_RTG_HEAD_028,Heads,Face 28,28,phase0-video-003,100-109,phase0-frame-video-003-tl-012,,yes,yes,yes,no,no,yes,yes,VERIFIED;VERIFIED_WITH_NOTES;RECAPTURE_REQUIRED;VERSION_MISMATCH;MISSING_EVIDENCE;COUNT_MISMATCH;ORDER_MISMATCH;DEPENDENCY_UNRESOLVED;NOT_VERIFIED,yes,REQUIRES_WYATT_CLIP,CF27-MIN-RECAP-016,CF27-MIN-RECAP-001;CF27-MIN-RECAP-003;CF27-MIN-RECAP-004;CF27-MIN-RECAP-006;CF27-MIN-RECAP-007;CF27-MIN-RECAP-008;CF27-MIN-RECAP-010;CF27-MIN-RECAP-011;CF27-MIN-RECAP-012;CF27-MIN-RECAP-013;CF27-MIN-RECAP-015;CF27-MIN-RECAP-018;CF27-MIN-RECAP-020;CF27-MIN-RECAP-021,NOT_ELIGIBLE,"Second-person verification has not occurred; environment/version metadata, recapture tasks, duplicate/order review, catalog-manager disposition, and immutable production release remain required."
CF27_XBOX_RTG_SECOND_VERIFIER_EXECUTION_v1,CF27_XBOXUNKNOWN_RTG_HEAD_029,Heads,Face 29,29,phase0-video-003,127-133.02,phase0-frame-video-003-tl-015,,yes,yes,yes,no,no,yes,yes,VERIFIED;VERIFIED_WITH_NOTES;RECAPTURE_REQUIRED;VERSION_MISMATCH;MISSING_EVIDENCE;COUNT_MISMATCH;ORDER_MISMATCH;DEPENDENCY_UNRESOLVED;NOT_VERIFIED,yes,REQUIRES_WYATT_CLIP,CF27-MIN-RECAP-016,CF27-MIN-RECAP-001;CF27-MIN-RECAP-003;CF27-MIN-RECAP-004;CF27-MIN-RECAP-006;CF27-MIN-RECAP-007;CF27-MIN-RECAP-008;CF27-MIN-RECAP-010;CF27-MIN-RECAP-011;CF27-MIN-RECAP-012;CF27-MIN-RECAP-013;CF27-MIN-RECAP-015;CF27-MIN-RECAP-018;CF27-MIN-RECAP-020;CF27-MIN-RECAP-021,NOT_ELIGIBLE,"Second-person verification has not occurred; environment/version metadata, recapture tasks, duplicate/order review, catalog-manager disposition, and immutable production release remain required."
CF27_XBOX_RTG_SECOND_VERIFIER_EXECUTION_v1,CF27_XBOXUNKNOWN_RTG_HEAD_030,Heads,Face 30,30,phase0-video-003,120-126,phase0-frame-video-003-tl-014,,yes,yes,yes,no,no,yes,yes,VERIFIED;VERIFIED_WITH_NOTES;RECAPTURE_REQUIRED;VERSION_MISMATCH;MISSING_EVIDENCE;COUNT_MISMATCH;ORDER_MISMATCH;DEPENDENCY_UNRESOLVED;NOT_VERIFIED,yes,REQUIRES_WYATT_CLIP,CF27-MIN-RECAP-016,CF27-MIN-RECAP-001;CF27-MIN-RECAP-003;CF27-MIN-RECAP-004;CF27-MIN-RECAP-006;CF27-MIN-RECAP-007;CF27-MIN-RECAP-008;CF27-MIN-RECAP-010;CF27-MIN-RECAP-011;CF27-MIN-RECAP-012;CF27-MIN-RECAP-013;CF27-MIN-RECAP-015;CF27-MIN-RECAP-018;CF27-MIN-RECAP-020;CF27-MIN-RECAP-021,NOT_ELIGIBLE,"Second-person verification has not occurred; environment/version metadata, recapture tasks, duplicate/order review, catalog-manager disposition, and immutable production release remain required."
CF27_XBOX_RTG_SECOND_VERIFIER_EXECUTION_v1,CF27_XBOXUNKNOWN_RTG_HEAD_031,Heads,Face 31,31,phase0-video-003,110-119,phase0-frame-video-003-tl-013,,yes,yes,yes,no,no,yes,yes,VERIFIED;VERIFIED_WITH_NOTES;RECAPTURE_REQUIRED;VERSION_MISMATCH;MISSING_EVIDENCE;COUNT_MISMATCH;ORDER_MISMATCH;DEPENDENCY_UNRESOLVED;NOT_VERIFIED,yes,REQUIRES_WYATT_CLIP,CF27-MIN-RECAP-016,CF27-MIN-RECAP-001;CF27-MIN-RECAP-003;CF27-MIN-RECAP-004;CF27-MIN-RECAP-006;CF27-MIN-RECAP-007;CF27-MIN-RECAP-008;CF27-MIN-RECAP-010;CF27-MIN-RECAP-011;CF27-MIN-RECAP-012;CF27-MIN-RECAP-013;CF27-MIN-RECAP-015;CF27-MIN-RECAP-018;CF27-MIN-RECAP-020;CF27-MIN-RECAP-021,NOT_ELIGIBLE,"Second-person verification has not occurred; environment/version metadata, recapture tasks, duplicate/order review, catalog-manager disposition, and immutable production release remain required."
CF27_XBOX_RTG_SECOND_VERIFIER_EXECUTION_v1,CF27_XBOXUNKNOWN_RTG_JAWSHAPE_SQUARE,Jaw Shape,Square,2,CF27_XBOX_SOURCE_2026_08_02_001,220-229,phase0-frame-CF27_XBOX_SOURCE_2026_08_02_001-tl-010,,yes,yes,yes,no,yes,yes,yes,VERIFIED;VERIFIED_WITH_NOTES;RECAPTURE_REQUIRED;VERSION_MISMATCH;MISSING_EVIDENCE;COUNT_MISMATCH;ORDER_MISMATCH;DEPENDENCY_UNRESOLVED;NOT_VERIFIED,yes,REQUIRES_WYATT_CLIP,CF27-MIN-RECAP-017,CF27-MIN-RECAP-001;CF27-MIN-RECAP-003;CF27-MIN-RECAP-004;CF27-MIN-RECAP-006;CF27-MIN-RECAP-007;CF27-MIN-RECAP-008;CF27-MIN-RECAP-010;CF27-MIN-RECAP-011;CF27-MIN-RECAP-012;CF27-MIN-RECAP-013;CF27-MIN-RECAP-015;CF27-MIN-RECAP-018;CF27-MIN-RECAP-020;CF27-MIN-RECAP-021,NOT_ELIGIBLE,"Second-person verification has not occurred; environment/version metadata, recapture tasks, duplicate/order review, catalog-manager disposition, and immutable production release remain required."
CF27_XBOX_RTG_SECOND_VERIFIER_EXECUTION_v1,CF27_XBOXUNKNOWN_RTG_MOUTHSHAPE_HEAVY,Mouth Shape,Heavy,7,CF27_XBOX_SOURCE_2026_08_02_001,210-219,phase0-frame-CF27_XBOX_SOURCE_2026_08_02_001-tl-009,,yes,yes,yes,no,yes,yes,yes,VERIFIED;VERIFIED_WITH_NOTES;RECAPTURE_REQUIRED;VERSION_MISMATCH;MISSING_EVIDENCE;COUNT_MISMATCH;ORDER_MISMATCH;DEPENDENCY_UNRESOLVED;NOT_VERIFIED,for non-clean decisions,CAN_REVIEW_IMMEDIATELY_FROM_EXISTING_MEDIA,,CF27-MIN-RECAP-001;CF27-MIN-RECAP-003;CF27-MIN-RECAP-004;CF27-MIN-RECAP-006;CF27-MIN-RECAP-007;CF27-MIN-RECAP-008;CF27-MIN-RECAP-010;CF27-MIN-RECAP-011;CF27-MIN-RECAP-012;CF27-MIN-RECAP-013;CF27-MIN-RECAP-015;CF27-MIN-RECAP-018;CF27-MIN-RECAP-020;CF27-MIN-RECAP-021,NOT_ELIGIBLE,"Second-person verification has not occurred; environment/version metadata, recapture tasks, duplicate/order review, catalog-manager disposition, and immutable production release remain required."
CF27_XBOX_RTG_SECOND_VERIFIER_EXECUTION_v1,CF27_XBOXUNKNOWN_RTG_NOSE_001,Nose,None,1,phase0-video-008,15-15,phase0-frame-video-008-tl-003,,yes,yes,yes,no,no,yes,yes,VERIFIED;VERIFIED_WITH_NOTES;RECAPTURE_REQUIRED;VERSION_MISMATCH;MISSING_EVIDENCE;COUNT_MISMATCH;ORDER_MISMATCH;DEPENDENCY_UNRESOLVED;NOT_VERIFIED,yes,REQUIRES_WYATT_CLIP,CF27-MIN-RECAP-019,CF27-MIN-RECAP-001;CF27-MIN-RECAP-003;CF27-MIN-RECAP-004;CF27-MIN-RECAP-006;CF27-MIN-RECAP-007;CF27-MIN-RECAP-008;CF27-MIN-RECAP-010;CF27-MIN-RECAP-011;CF27-MIN-RECAP-012;CF27-MIN-RECAP-013;CF27-MIN-RECAP-015;CF27-MIN-RECAP-018;CF27-MIN-RECAP-020;CF27-MIN-RECAP-021,NOT_ELIGIBLE,"Second-person verification has not occurred; environment/version metadata, recapture tasks, duplicate/order review, catalog-manager disposition, and immutable production release remain required."
CF27_XBOX_RTG_SECOND_VERIFIER_EXECUTION_v1,CF27_XBOXUNKNOWN_RTG_NOSE_002,Nose,Hooked,2,phase0-video-008,16-18,phase0-frame-video-008-tl-004,,yes,yes,yes,no,no,yes,yes,VERIFIED;VERIFIED_WITH_NOTES;RECAPTURE_REQUIRED;VERSION_MISMATCH;MISSING_EVIDENCE;COUNT_MISMATCH;ORDER_MISMATCH;DEPENDENCY_UNRESOLVED;NOT_VERIFIED,yes,REQUIRES_WYATT_CLIP,CF27-MIN-RECAP-019,CF27-MIN-RECAP-001;CF27-MIN-RECAP-003;CF27-MIN-RECAP-004;CF27-MIN-RECAP-006;CF27-MIN-RECAP-007;CF27-MIN-RECAP-008;CF27-MIN-RECAP-010;CF27-MIN-RECAP-011;CF27-MIN-RECAP-012;CF27-MIN-RECAP-013;CF27-MIN-RECAP-015;CF27-MIN-RECAP-018;CF27-MIN-RECAP-020;CF27-MIN-RECAP-021,NOT_ELIGIBLE,"Second-person verification has not occurred; environment/version metadata, recapture tasks, duplicate/order review, catalog-manager disposition, and immutable production release remain required."
CF27_XBOX_RTG_SECOND_VERIFIER_EXECUTION_v1,CF27_XBOXUNKNOWN_RTG_NOSE_003,Nose,Button,3,phase0-video-008,19-20,phase0-frame-video-008-tl-005,,yes,yes,yes,no,yes,yes,yes,VERIFIED;VERIFIED_WITH_NOTES;RECAPTURE_REQUIRED;VERSION_MISMATCH;MISSING_EVIDENCE;COUNT_MISMATCH;ORDER_MISMATCH;DEPENDENCY_UNRESOLVED;NOT_VERIFIED,yes,REQUIRES_WYATT_CLIP,CF27-MIN-RECAP-019,CF27-MIN-RECAP-001;CF27-MIN-RECAP-003;CF27-MIN-RECAP-004;CF27-MIN-RECAP-006;CF27-MIN-RECAP-007;CF27-MIN-RECAP-008;CF27-MIN-RECAP-010;CF27-MIN-RECAP-011;CF27-MIN-RECAP-012;CF27-MIN-RECAP-013;CF27-MIN-RECAP-015;CF27-MIN-RECAP-018;CF27-MIN-RECAP-020;CF27-MIN-RECAP-021,NOT_ELIGIBLE,"Second-person verification has not occurred; environment/version metadata, recapture tasks, duplicate/order review, catalog-manager disposition, and immutable production release remain required."
CF27_XBOX_RTG_SECOND_VERIFIER_EXECUTION_v1,CF27_XBOXUNKNOWN_RTG_NOSE_004,Nose,Nubian,4,phase0-video-008,21-22,phase0-frame-video-008-tl-006,,yes,yes,yes,no,no,yes,yes,VERIFIED;VERIFIED_WITH_NOTES;RECAPTURE_REQUIRED;VERSION_MISMATCH;MISSING_EVIDENCE;COUNT_MISMATCH;ORDER_MISMATCH;DEPENDENCY_UNRESOLVED;NOT_VERIFIED,yes,REQUIRES_WYATT_CLIP,CF27-MIN-RECAP-019,CF27-MIN-RECAP-001;CF27-MIN-RECAP-003;CF27-MIN-RECAP-004;CF27-MIN-RECAP-006;CF27-MIN-RECAP-007;CF27-MIN-RECAP-008;CF27-MIN-RECAP-010;CF27-MIN-RECAP-011;CF27-MIN-RECAP-012;CF27-MIN-RECAP-013;CF27-MIN-RECAP-015;CF27-MIN-RECAP-018;CF27-MIN-RECAP-020;CF27-MIN-RECAP-021,NOT_ELIGIBLE,"Second-person verification has not occurred; environment/version metadata, recapture tasks, duplicate/order review, catalog-manager disposition, and immutable production release remain required."
CF27_XBOX_RTG_SECOND_VERIFIER_EXECUTION_v1,CF27_XBOXUNKNOWN_RTG_NOSE_005,Nose,Aquiline,5,phase0-video-008,14-14,phase0-frame-video-008-tl-002;phase0-frame-video-008-tl-009,,yes,yes,yes,yes,no,yes,yes,VERIFIED;VERIFIED_WITH_NOTES;RECAPTURE_REQUIRED;VERSION_MISMATCH;MISSING_EVIDENCE;COUNT_MISMATCH;ORDER_MISMATCH;DEPENDENCY_UNRESOLVED;NOT_VERIFIED,yes,REQUIRES_WYATT_CLIP,CF27-MIN-RECAP-019,CF27-MIN-RECAP-001;CF27-MIN-RECAP-003;CF27-MIN-RECAP-004;CF27-MIN-RECAP-006;CF27-MIN-RECAP-007;CF27-MIN-RECAP-008;CF27-MIN-RECAP-010;CF27-MIN-RECAP-011;CF27-MIN-RECAP-012;CF27-MIN-RECAP-013;CF27-MIN-RECAP-015;CF27-MIN-RECAP-018;CF27-MIN-RECAP-020;CF27-MIN-RECAP-021,NOT_ELIGIBLE,"Second-person verification has not occurred; environment/version metadata, recapture tasks, duplicate/order review, catalog-manager disposition, and immutable production release remain required."
CF27_XBOX_RTG_SECOND_VERIFIER_EXECUTION_v1,CF27_XBOXUNKNOWN_RTG_NOSE_006,Nose,Roman,6,phase0-video-008,25-27,phase0-frame-video-008-tl-008,,yes,yes,yes,no,yes,yes,yes,VERIFIED;VERIFIED_WITH_NOTES;RECAPTURE_REQUIRED;VERSION_MISMATCH;MISSING_EVIDENCE;COUNT_MISMATCH;ORDER_MISMATCH;DEPENDENCY_UNRESOLVED;NOT_VERIFIED,yes,REQUIRES_WYATT_CLIP,CF27-MIN-RECAP-019,CF27-MIN-RECAP-001;CF27-MIN-RECAP-003;CF27-MIN-RECAP-004;CF27-MIN-RECAP-006;CF27-MIN-RECAP-007;CF27-MIN-RECAP-008;CF27-MIN-RECAP-010;CF27-MIN-RECAP-011;CF27-MIN-RECAP-012;CF27-MIN-RECAP-013;CF27-MIN-RECAP-015;CF27-MIN-RECAP-018;CF27-MIN-RECAP-020;CF27-MIN-RECAP-021,NOT_ELIGIBLE,"Second-person verification has not occurred; environment/version metadata, recapture tasks, duplicate/order review, catalog-manager disposition, and immutable production release remain required."
CF27_XBOX_RTG_SECOND_VERIFIER_EXECUTION_v1,CF27_XBOXUNKNOWN_RTG_NOSE_007,Nose,Funnel,7,phase0-video-008,23-24,phase0-frame-video-008-tl-007,,yes,yes,yes,no,no,yes,yes,VERIFIED;VERIFIED_WITH_NOTES;RECAPTURE_REQUIRED;VERSION_MISMATCH;MISSING_EVIDENCE;COUNT_MISMATCH;ORDER_MISMATCH;DEPENDENCY_UNRESOLVED;NOT_VERIFIED,yes,REQUIRES_WYATT_CLIP,CF27-MIN-RECAP-019,CF27-MIN-RECAP-001;CF27-MIN-RECAP-003;CF27-MIN-RECAP-004;CF27-MIN-RECAP-006;CF27-MIN-RECAP-007;CF27-MIN-RECAP-008;CF27-MIN-RECAP-010;CF27-MIN-RECAP-011;CF27-MIN-RECAP-012;CF27-MIN-RECAP-013;CF27-MIN-RECAP-015;CF27-MIN-RECAP-018;CF27-MIN-RECAP-020;CF27-MIN-RECAP-021,NOT_ELIGIBLE,"Second-person verification has not occurred; environment/version metadata, recapture tasks, duplicate/order review, catalog-manager disposition, and immutable production release remain required."
CF27_XBOX_RTG_SECOND_VERIFIER_EXECUTION_v1,CF27_XBOXUNKNOWN_RTG_SKINDETAILS_001,Skin Details,None,1,phase0-video-005,8-8,phase0-frame-video-005-tl-002,,yes,yes,yes,no,no,yes,yes,VERIFIED;VERIFIED_WITH_NOTES;RECAPTURE_REQUIRED;VERSION_MISMATCH;MISSING_EVIDENCE;COUNT_MISMATCH;ORDER_MISMATCH;DEPENDENCY_UNRESOLVED;NOT_VERIFIED,for non-clean decisions,CAN_REVIEW_IMMEDIATELY_FROM_EXISTING_MEDIA,,CF27-MIN-RECAP-001;CF27-MIN-RECAP-003;CF27-MIN-RECAP-004;CF27-MIN-RECAP-006;CF27-MIN-RECAP-007;CF27-MIN-RECAP-008;CF27-MIN-RECAP-010;CF27-MIN-RECAP-011;CF27-MIN-RECAP-012;CF27-MIN-RECAP-013;CF27-MIN-RECAP-015;CF27-MIN-RECAP-018;CF27-MIN-RECAP-020;CF27-MIN-RECAP-021,NOT_ELIGIBLE,"Second-person verification has not occurred; environment/version metadata, recapture tasks, duplicate/order review, catalog-manager disposition, and immutable production release remain required."
CF27_XBOX_RTG_SECOND_VERIFIER_EXECUTION_v1,CF27_XBOXUNKNOWN_RTG_SKINDETAILS_002,Skin Details,Freckles 2,2,phase0-video-005,9-10,phase0-frame-video-005-tl-003,,yes,yes,yes,no,no,yes,yes,VERIFIED;VERIFIED_WITH_NOTES;RECAPTURE_REQUIRED;VERSION_MISMATCH;MISSING_EVIDENCE;COUNT_MISMATCH;ORDER_MISMATCH;DEPENDENCY_UNRESOLVED;NOT_VERIFIED,for non-clean decisions,CAN_REVIEW_IMMEDIATELY_FROM_EXISTING_MEDIA,,CF27-MIN-RECAP-001;CF27-MIN-RECAP-003;CF27-MIN-RECAP-004;CF27-MIN-RECAP-006;CF27-MIN-RECAP-007;CF27-MIN-RECAP-008;CF27-MIN-RECAP-010;CF27-MIN-RECAP-011;CF27-MIN-RECAP-012;CF27-MIN-RECAP-013;CF27-MIN-RECAP-015;CF27-MIN-RECAP-018;CF27-MIN-RECAP-020;CF27-MIN-RECAP-021,NOT_ELIGIBLE,"Second-person verification has not occurred; environment/version metadata, recapture tasks, duplicate/order review, catalog-manager disposition, and immutable production release remain required."
CF27_XBOX_RTG_SECOND_VERIFIER_EXECUTION_v1,CF27_XBOXUNKNOWN_RTG_SKINDETAILS_003,Skin Details,Scar 3,3,phase0-video-005,11-14,phase0-frame-video-005-tl-004,,yes,yes,yes,no,no,yes,yes,VERIFIED;VERIFIED_WITH_NOTES;RECAPTURE_REQUIRED;VERSION_MISMATCH;MISSING_EVIDENCE;COUNT_MISMATCH;ORDER_MISMATCH;DEPENDENCY_UNRESOLVED;NOT_VERIFIED,for non-clean decisions,CAN_REVIEW_IMMEDIATELY_FROM_EXISTING_MEDIA,,CF27-MIN-RECAP-001;CF27-MIN-RECAP-003;CF27-MIN-RECAP-004;CF27-MIN-RECAP-006;CF27-MIN-RECAP-007;CF27-MIN-RECAP-008;CF27-MIN-RECAP-010;CF27-MIN-RECAP-011;CF27-MIN-RECAP-012;CF27-MIN-RECAP-013;CF27-MIN-RECAP-015;CF27-MIN-RECAP-018;CF27-MIN-RECAP-020;CF27-MIN-RECAP-021,NOT_ELIGIBLE,"Second-person verification has not occurred; environment/version metadata, recapture tasks, duplicate/order review, catalog-manager disposition, and immutable production release remain required."
CF27_XBOX_RTG_SECOND_VERIFIER_EXECUTION_v1,CF27_XBOXUNKNOWN_RTG_SKINDETAILS_004,Skin Details,Scar 2,4,phase0-video-005,15-16,phase0-frame-video-005-tl-005,,yes,yes,yes,no,no,yes,yes,VERIFIED;VERIFIED_WITH_NOTES;RECAPTURE_REQUIRED;VERSION_MISMATCH;MISSING_EVIDENCE;COUNT_MISMATCH;ORDER_MISMATCH;DEPENDENCY_UNRESOLVED;NOT_VERIFIED,for non-clean decisions,CAN_REVIEW_IMMEDIATELY_FROM_EXISTING_MEDIA,,CF27-MIN-RECAP-001;CF27-MIN-RECAP-003;CF27-MIN-RECAP-004;CF27-MIN-RECAP-006;CF27-MIN-RECAP-007;CF27-MIN-RECAP-008;CF27-MIN-RECAP-010;CF27-MIN-RECAP-011;CF27-MIN-RECAP-012;CF27-MIN-RECAP-013;CF27-MIN-RECAP-015;CF27-MIN-RECAP-018;CF27-MIN-RECAP-020;CF27-MIN-RECAP-021,NOT_ELIGIBLE,"Second-person verification has not occurred; environment/version metadata, recapture tasks, duplicate/order review, catalog-manager disposition, and immutable production release remain required."
CF27_XBOX_RTG_SECOND_VERIFIER_EXECUTION_v1,CF27_XBOXUNKNOWN_RTG_SKINDETAILS_005,Skin Details,Scar 1,5,phase0-video-005,23-24,phase0-frame-video-005-tl-009,,yes,yes,yes,no,yes,yes,yes,VERIFIED;VERIFIED_WITH_NOTES;RECAPTURE_REQUIRED;VERSION_MISMATCH;MISSING_EVIDENCE;COUNT_MISMATCH;ORDER_MISMATCH;DEPENDENCY_UNRESOLVED;NOT_VERIFIED,for non-clean decisions,CAN_REVIEW_IMMEDIATELY_FROM_EXISTING_MEDIA,,CF27-MIN-RECAP-001;CF27-MIN-RECAP-003;CF27-MIN-RECAP-004;CF27-MIN-RECAP-006;CF27-MIN-RECAP-007;CF27-MIN-RECAP-008;CF27-MIN-RECAP-010;CF27-MIN-RECAP-011;CF27-MIN-RECAP-012;CF27-MIN-RECAP-013;CF27-MIN-RECAP-015;CF27-MIN-RECAP-018;CF27-MIN-RECAP-020;CF27-MIN-RECAP-021,NOT_ELIGIBLE,"Second-person verification has not occurred; environment/version metadata, recapture tasks, duplicate/order review, catalog-manager disposition, and immutable production release remain required."
CF27_XBOX_RTG_SECOND_VERIFIER_EXECUTION_v1,CF27_XBOXUNKNOWN_RTG_SKINDETAILS_006,Skin Details,Acne Scar 1,6,phase0-video-005,21-22,phase0-frame-video-005-tl-008,,yes,yes,yes,no,no,yes,yes,VERIFIED;VERIFIED_WITH_NOTES;RECAPTURE_REQUIRED;VERSION_MISMATCH;MISSING_EVIDENCE;COUNT_MISMATCH;ORDER_MISMATCH;DEPENDENCY_UNRESOLVED;NOT_VERIFIED,for non-clean decisions,CAN_REVIEW_IMMEDIATELY_FROM_EXISTING_MEDIA,,CF27-MIN-RECAP-001;CF27-MIN-RECAP-003;CF27-MIN-RECAP-004;CF27-MIN-RECAP-006;CF27-MIN-RECAP-007;CF27-MIN-RECAP-008;CF27-MIN-RECAP-010;CF27-MIN-RECAP-011;CF27-MIN-RECAP-012;CF27-MIN-RECAP-013;CF27-MIN-RECAP-015;CF27-MIN-RECAP-018;CF27-MIN-RECAP-020;CF27-MIN-RECAP-021,NOT_ELIGIBLE,"Second-person verification has not occurred; environment/version metadata, recapture tasks, duplicate/order review, catalog-manager disposition, and immutable production release remain required."
CF27_XBOX_RTG_SECOND_VERIFIER_EXECUTION_v1,CF27_XBOXUNKNOWN_RTG_SKINDETAILS_007,Skin Details,Redness 3,7,phase0-video-005,19-20,phase0-frame-video-005-tl-007,,yes,yes,yes,no,yes,yes,yes,VERIFIED;VERIFIED_WITH_NOTES;RECAPTURE_REQUIRED;VERSION_MISMATCH;MISSING_EVIDENCE;COUNT_MISMATCH;ORDER_MISMATCH;DEPENDENCY_UNRESOLVED;NOT_VERIFIED,for non-clean decisions,CAN_REVIEW_IMMEDIATELY_FROM_EXISTING_MEDIA,,CF27-MIN-RECAP-001;CF27-MIN-RECAP-003;CF27-MIN-RECAP-004;CF27-MIN-RECAP-006;CF27-MIN-RECAP-007;CF27-MIN-RECAP-008;CF27-MIN-RECAP-010;CF27-MIN-RECAP-011;CF27-MIN-RECAP-012;CF27-MIN-RECAP-013;CF27-MIN-RECAP-015;CF27-MIN-RECAP-018;CF27-MIN-RECAP-020;CF27-MIN-RECAP-021,NOT_ELIGIBLE,"Second-person verification has not occurred; environment/version metadata, recapture tasks, duplicate/order review, catalog-manager disposition, and immutable production release remain required."
CF27_XBOX_RTG_SECOND_VERIFIER_EXECUTION_v1,CF27_XBOXUNKNOWN_RTG_SKINDETAILS_008,Skin Details,Redness 2,8,phase0-video-005,17-18,phase0-frame-video-005-tl-006,,yes,yes,yes,no,no,yes,yes,VERIFIED;VERIFIED_WITH_NOTES;RECAPTURE_REQUIRED;VERSION_MISMATCH;MISSING_EVIDENCE;COUNT_MISMATCH;ORDER_MISMATCH;DEPENDENCY_UNRESOLVED;NOT_VERIFIED,for non-clean decisions,CAN_REVIEW_IMMEDIATELY_FROM_EXISTING_MEDIA,,CF27-MIN-RECAP-001;CF27-MIN-RECAP-003;CF27-MIN-RECAP-004;CF27-MIN-RECAP-006;CF27-MIN-RECAP-007;CF27-MIN-RECAP-008;CF27-MIN-RECAP-010;CF27-MIN-RECAP-011;CF27-MIN-RECAP-012;CF27-MIN-RECAP-013;CF27-MIN-RECAP-015;CF27-MIN-RECAP-018;CF27-MIN-RECAP-020;CF27-MIN-RECAP-021,NOT_ELIGIBLE,"Second-person verification has not occurred; environment/version metadata, recapture tasks, duplicate/order review, catalog-manager disposition, and immutable production release remain required."
CF27_XBOX_RTG_SECOND_VERIFIER_EXECUTION_v1,CF27_XBOXUNKNOWN_RTG_SKINDETAILS_009,Skin Details,Redness 1,9,phase0-video-005,25-26,phase0-frame-video-005-tl-010,,yes,yes,yes,no,no,yes,yes,VERIFIED;VERIFIED_WITH_NOTES;RECAPTURE_REQUIRED;VERSION_MISMATCH;MISSING_EVIDENCE;COUNT_MISMATCH;ORDER_MISMATCH;DEPENDENCY_UNRESOLVED;NOT_VERIFIED,for non-clean decisions,CAN_REVIEW_IMMEDIATELY_FROM_EXISTING_MEDIA,,CF27-MIN-RECAP-001;CF27-MIN-RECAP-003;CF27-MIN-RECAP-004;CF27-MIN-RECAP-006;CF27-MIN-RECAP-007;CF27-MIN-RECAP-008;CF27-MIN-RECAP-010;CF27-MIN-RECAP-011;CF27-MIN-RECAP-012;CF27-MIN-RECAP-013;CF27-MIN-RECAP-015;CF27-MIN-RECAP-018;CF27-MIN-RECAP-020;CF27-MIN-RECAP-021,NOT_ELIGIBLE,"Second-person verification has not occurred; environment/version metadata, recapture tasks, duplicate/order review, catalog-manager disposition, and immutable production release remain required."
CF27_XBOX_RTG_SECOND_VERIFIER_EXECUTION_v1,CF27_XBOXUNKNOWN_RTG_SKINDETAILS_010,Skin Details,Freckles 1,10,phase0-video-005,27-31.72,phase0-frame-video-005-tl-011,,yes,yes,yes,no,yes,yes,yes,VERIFIED;VERIFIED_WITH_NOTES;RECAPTURE_REQUIRED;VERSION_MISMATCH;MISSING_EVIDENCE;COUNT_MISMATCH;ORDER_MISMATCH;DEPENDENCY_UNRESOLVED;NOT_VERIFIED,for non-clean decisions,CAN_REVIEW_IMMEDIATELY_FROM_EXISTING_MEDIA,,CF27-MIN-RECAP-001;CF27-MIN-RECAP-003;CF27-MIN-RECAP-004;CF27-MIN-RECAP-006;CF27-MIN-RECAP-007;CF27-MIN-RECAP-008;CF27-MIN-RECAP-010;CF27-MIN-RECAP-011;CF27-MIN-RECAP-012;CF27-MIN-RECAP-013;CF27-MIN-RECAP-015;CF27-MIN-RECAP-018;CF27-MIN-RECAP-020;CF27-MIN-RECAP-021,NOT_ELIGIBLE,"Second-person verification has not occurred; environment/version metadata, recapture tasks, duplicate/order review, catalog-manager disposition, and immutable production release remain required."
CF27_XBOX_RTG_SECOND_VERIFIER_EXECUTION_v1,CF27_XBOXUNKNOWN_RTG_SKINTONE_001,Skin Tone,Skin Tone 01,1,phase0-video-004,45-46,phase0-frame-video-004-tl-019,,yes,yes,yes,no,no,yes,yes,VERIFIED;VERIFIED_WITH_NOTES;RECAPTURE_REQUIRED;VERSION_MISMATCH;MISSING_EVIDENCE;COUNT_MISMATCH;ORDER_MISMATCH;DEPENDENCY_UNRESOLVED;NOT_VERIFIED,for non-clean decisions,CAN_REVIEW_IMMEDIATELY_FROM_EXISTING_MEDIA,,CF27-MIN-RECAP-001;CF27-MIN-RECAP-003;CF27-MIN-RECAP-004;CF27-MIN-RECAP-006;CF27-MIN-RECAP-007;CF27-MIN-RECAP-008;CF27-MIN-RECAP-010;CF27-MIN-RECAP-011;CF27-MIN-RECAP-012;CF27-MIN-RECAP-013;CF27-MIN-RECAP-015;CF27-MIN-RECAP-018;CF27-MIN-RECAP-020;CF27-MIN-RECAP-021,NOT_ELIGIBLE,"Second-person verification has not occurred; environment/version metadata, recapture tasks, duplicate/order review, catalog-manager disposition, and immutable production release remain required."
CF27_XBOX_RTG_SECOND_VERIFIER_EXECUTION_v1,CF27_XBOXUNKNOWN_RTG_SKINTONE_002,Skin Tone,Skin Tone 02,2,phase0-video-004,47-47,phase0-frame-video-004-tl-020,,yes,yes,yes,no,yes,yes,yes,VERIFIED;VERIFIED_WITH_NOTES;RECAPTURE_REQUIRED;VERSION_MISMATCH;MISSING_EVIDENCE;COUNT_MISMATCH;ORDER_MISMATCH;DEPENDENCY_UNRESOLVED;NOT_VERIFIED,for non-clean decisions,CAN_REVIEW_IMMEDIATELY_FROM_EXISTING_MEDIA,,CF27-MIN-RECAP-001;CF27-MIN-RECAP-003;CF27-MIN-RECAP-004;CF27-MIN-RECAP-006;CF27-MIN-RECAP-007;CF27-MIN-RECAP-008;CF27-MIN-RECAP-010;CF27-MIN-RECAP-011;CF27-MIN-RECAP-012;CF27-MIN-RECAP-013;CF27-MIN-RECAP-015;CF27-MIN-RECAP-018;CF27-MIN-RECAP-020;CF27-MIN-RECAP-021,NOT_ELIGIBLE,"Second-person verification has not occurred; environment/version metadata, recapture tasks, duplicate/order review, catalog-manager disposition, and immutable production release remain required."
CF27_XBOX_RTG_SECOND_VERIFIER_EXECUTION_v1,CF27_XBOXUNKNOWN_RTG_SKINTONE_003,Skin Tone,Skin Tone 03,3,phase0-video-004,48-49,phase0-frame-video-004-tl-021,,yes,yes,yes,no,no,yes,yes,VERIFIED;VERIFIED_WITH_NOTES;RECAPTURE_REQUIRED;VERSION_MISMATCH;MISSING_EVIDENCE;COUNT_MISMATCH;ORDER_MISMATCH;DEPENDENCY_UNRESOLVED;NOT_VERIFIED,for non-clean decisions,CAN_REVIEW_IMMEDIATELY_FROM_EXISTING_MEDIA,,CF27-MIN-RECAP-001;CF27-MIN-RECAP-003;CF27-MIN-RECAP-004;CF27-MIN-RECAP-006;CF27-MIN-RECAP-007;CF27-MIN-RECAP-008;CF27-MIN-RECAP-010;CF27-MIN-RECAP-011;CF27-MIN-RECAP-012;CF27-MIN-RECAP-013;CF27-MIN-RECAP-015;CF27-MIN-RECAP-018;CF27-MIN-RECAP-020;CF27-MIN-RECAP-021,NOT_ELIGIBLE,"Second-person verification has not occurred; environment/version metadata, recapture tasks, duplicate/order review, catalog-manager disposition, and immutable production release remain required."
CF27_XBOX_RTG_SECOND_VERIFIER_EXECUTION_v1,CF27_XBOXUNKNOWN_RTG_SKINTONE_004,Skin Tone,Skin Tone 04,4,phase0-video-004,12-13,phase0-frame-video-004-tl-003,,yes,yes,yes,no,no,yes,yes,VERIFIED;VERIFIED_WITH_NOTES;RECAPTURE_REQUIRED;VERSION_MISMATCH;MISSING_EVIDENCE;COUNT_MISMATCH;ORDER_MISMATCH;DEPENDENCY_UNRESOLVED;NOT_VERIFIED,for non-clean decisions,CAN_REVIEW_IMMEDIATELY_FROM_EXISTING_MEDIA,,CF27-MIN-RECAP-001;CF27-MIN-RECAP-003;CF27-MIN-RECAP-004;CF27-MIN-RECAP-006;CF27-MIN-RECAP-007;CF27-MIN-RECAP-008;CF27-MIN-RECAP-010;CF27-MIN-RECAP-011;CF27-MIN-RECAP-012;CF27-MIN-RECAP-013;CF27-MIN-RECAP-015;CF27-MIN-RECAP-018;CF27-MIN-RECAP-020;CF27-MIN-RECAP-021,NOT_ELIGIBLE,"Second-person verification has not occurred; environment/version metadata, recapture tasks, duplicate/order review, catalog-manager disposition, and immutable production release remain required."
CF27_XBOX_RTG_SECOND_VERIFIER_EXECUTION_v1,CF27_XBOXUNKNOWN_RTG_SKINTONE_006,Skin Tone,Skin Tone 06,6,phase0-video-004,29-30,phase0-frame-video-004-tl-011,,yes,yes,yes,no,no,yes,yes,VERIFIED;VERIFIED_WITH_NOTES;RECAPTURE_REQUIRED;VERSION_MISMATCH;MISSING_EVIDENCE;COUNT_MISMATCH;ORDER_MISMATCH;DEPENDENCY_UNRESOLVED;NOT_VERIFIED,for non-clean decisions,CAN_REVIEW_IMMEDIATELY_FROM_EXISTING_MEDIA,,CF27-MIN-RECAP-001;CF27-MIN-RECAP-003;CF27-MIN-RECAP-004;CF27-MIN-RECAP-006;CF27-MIN-RECAP-007;CF27-MIN-RECAP-008;CF27-MIN-RECAP-010;CF27-MIN-RECAP-011;CF27-MIN-RECAP-012;CF27-MIN-RECAP-013;CF27-MIN-RECAP-015;CF27-MIN-RECAP-018;CF27-MIN-RECAP-020;CF27-MIN-RECAP-021,NOT_ELIGIBLE,"Second-person verification has not occurred; environment/version metadata, recapture tasks, duplicate/order review, catalog-manager disposition, and immutable production release remain required."
CF27_XBOX_RTG_SECOND_VERIFIER_EXECUTION_v1,CF27_XBOXUNKNOWN_RTG_SKINTONE_007,Skin Tone,Skin Tone 07,7,phase0-video-004,27-28,phase0-frame-video-004-tl-010,,yes,yes,yes,no,yes,yes,yes,VERIFIED;VERIFIED_WITH_NOTES;RECAPTURE_REQUIRED;VERSION_MISMATCH;MISSING_EVIDENCE;COUNT_MISMATCH;ORDER_MISMATCH;DEPENDENCY_UNRESOLVED;NOT_VERIFIED,for non-clean decisions,CAN_REVIEW_IMMEDIATELY_FROM_EXISTING_MEDIA,,CF27-MIN-RECAP-001;CF27-MIN-RECAP-003;CF27-MIN-RECAP-004;CF27-MIN-RECAP-006;CF27-MIN-RECAP-007;CF27-MIN-RECAP-008;CF27-MIN-RECAP-010;CF27-MIN-RECAP-011;CF27-MIN-RECAP-012;CF27-MIN-RECAP-013;CF27-MIN-RECAP-015;CF27-MIN-RECAP-018;CF27-MIN-RECAP-020;CF27-MIN-RECAP-021,NOT_ELIGIBLE,"Second-person verification has not occurred; environment/version metadata, recapture tasks, duplicate/order review, catalog-manager disposition, and immutable production release remain required."
CF27_XBOX_RTG_SECOND_VERIFIER_EXECUTION_v1,CF27_XBOXUNKNOWN_RTG_SKINTONE_008,Skin Tone,Skin Tone 08,8,phase0-video-004,25-26,phase0-frame-video-004-tl-009,,yes,yes,yes,no,no,yes,yes,VERIFIED;VERIFIED_WITH_NOTES;RECAPTURE_REQUIRED;VERSION_MISMATCH;MISSING_EVIDENCE;COUNT_MISMATCH;ORDER_MISMATCH;DEPENDENCY_UNRESOLVED;NOT_VERIFIED,for non-clean decisions,CAN_REVIEW_IMMEDIATELY_FROM_EXISTING_MEDIA,,CF27-MIN-RECAP-001;CF27-MIN-RECAP-003;CF27-MIN-RECAP-004;CF27-MIN-RECAP-006;CF27-MIN-RECAP-007;CF27-MIN-RECAP-008;CF27-MIN-RECAP-010;CF27-MIN-RECAP-011;CF27-MIN-RECAP-012;CF27-MIN-RECAP-013;CF27-MIN-RECAP-015;CF27-MIN-RECAP-018;CF27-MIN-RECAP-020;CF27-MIN-RECAP-021,NOT_ELIGIBLE,"Second-person verification has not occurred; environment/version metadata, recapture tasks, duplicate/order review, catalog-manager disposition, and immutable production release remain required."
CF27_XBOX_RTG_SECOND_VERIFIER_EXECUTION_v1,CF27_XBOXUNKNOWN_RTG_SKINTONE_009,Skin Tone,Skin Tone 09,9,phase0-video-004,8-11,phase0-frame-video-004-tl-002,,yes,yes,yes,no,no,yes,yes,VERIFIED;VERIFIED_WITH_NOTES;RECAPTURE_REQUIRED;VERSION_MISMATCH;MISSING_EVIDENCE;COUNT_MISMATCH;ORDER_MISMATCH;DEPENDENCY_UNRESOLVED;NOT_VERIFIED,for non-clean decisions,CAN_REVIEW_IMMEDIATELY_FROM_EXISTING_MEDIA,,CF27-MIN-RECAP-001;CF27-MIN-RECAP-003;CF27-MIN-RECAP-004;CF27-MIN-RECAP-006;CF27-MIN-RECAP-007;CF27-MIN-RECAP-008;CF27-MIN-RECAP-010;CF27-MIN-RECAP-011;CF27-MIN-RECAP-012;CF27-MIN-RECAP-013;CF27-MIN-RECAP-015;CF27-MIN-RECAP-018;CF27-MIN-RECAP-020;CF27-MIN-RECAP-021,NOT_ELIGIBLE,"Second-person verification has not occurred; environment/version metadata, recapture tasks, duplicate/order review, catalog-manager disposition, and immutable production release remain required."
CF27_XBOX_RTG_SECOND_VERIFIER_EXECUTION_v1,CF27_XBOXUNKNOWN_RTG_SKINTONE_010,Skin Tone,Skin Tone 10,10,phase0-video-004,14-14,phase0-frame-video-004-tl-017;phase0-frame-video-004-tl-004,,yes,yes,yes,yes,no,yes,yes,VERIFIED;VERIFIED_WITH_NOTES;RECAPTURE_REQUIRED;VERSION_MISMATCH;MISSING_EVIDENCE;COUNT_MISMATCH;ORDER_MISMATCH;DEPENDENCY_UNRESOLVED;NOT_VERIFIED,yes,REQUIRES_DISCREPANCY_RESOLUTION,,CF27-MIN-RECAP-001;CF27-MIN-RECAP-003;CF27-MIN-RECAP-004;CF27-MIN-RECAP-006;CF27-MIN-RECAP-007;CF27-MIN-RECAP-008;CF27-MIN-RECAP-010;CF27-MIN-RECAP-011;CF27-MIN-RECAP-012;CF27-MIN-RECAP-013;CF27-MIN-RECAP-015;CF27-MIN-RECAP-018;CF27-MIN-RECAP-020;CF27-MIN-RECAP-021,NOT_ELIGIBLE,"Second-person verification has not occurred; environment/version metadata, recapture tasks, duplicate/order review, catalog-manager disposition, and immutable production release remain required."
CF27_XBOX_RTG_SECOND_VERIFIER_EXECUTION_v1,CF27_XBOXUNKNOWN_RTG_SKINTONE_011,Skin Tone,Skin Tone 11,11,phase0-video-004,50-51,phase0-frame-video-004-tl-022,,yes,yes,yes,no,no,yes,yes,VERIFIED;VERIFIED_WITH_NOTES;RECAPTURE_REQUIRED;VERSION_MISMATCH;MISSING_EVIDENCE;COUNT_MISMATCH;ORDER_MISMATCH;DEPENDENCY_UNRESOLVED;NOT_VERIFIED,for non-clean decisions,CAN_REVIEW_IMMEDIATELY_FROM_EXISTING_MEDIA,,CF27-MIN-RECAP-001;CF27-MIN-RECAP-003;CF27-MIN-RECAP-004;CF27-MIN-RECAP-006;CF27-MIN-RECAP-007;CF27-MIN-RECAP-008;CF27-MIN-RECAP-010;CF27-MIN-RECAP-011;CF27-MIN-RECAP-012;CF27-MIN-RECAP-013;CF27-MIN-RECAP-015;CF27-MIN-RECAP-018;CF27-MIN-RECAP-020;CF27-MIN-RECAP-021,NOT_ELIGIBLE,"Second-person verification has not occurred; environment/version metadata, recapture tasks, duplicate/order review, catalog-manager disposition, and immutable production release remain required."
CF27_XBOX_RTG_SECOND_VERIFIER_EXECUTION_v1,CF27_XBOXUNKNOWN_RTG_SKINTONE_012,Skin Tone,Skin Tone 12,12,phase0-video-004,43-44,phase0-frame-video-004-tl-018,,yes,yes,yes,no,no,yes,yes,VERIFIED;VERIFIED_WITH_NOTES;RECAPTURE_REQUIRED;VERSION_MISMATCH;MISSING_EVIDENCE;COUNT_MISMATCH;ORDER_MISMATCH;DEPENDENCY_UNRESOLVED;NOT_VERIFIED,for non-clean decisions,CAN_REVIEW_IMMEDIATELY_FROM_EXISTING_MEDIA,,CF27-MIN-RECAP-001;CF27-MIN-RECAP-003;CF27-MIN-RECAP-004;CF27-MIN-RECAP-006;CF27-MIN-RECAP-007;CF27-MIN-RECAP-008;CF27-MIN-RECAP-010;CF27-MIN-RECAP-011;CF27-MIN-RECAP-012;CF27-MIN-RECAP-013;CF27-MIN-RECAP-015;CF27-MIN-RECAP-018;CF27-MIN-RECAP-020;CF27-MIN-RECAP-021,NOT_ELIGIBLE,"Second-person verification has not occurred; environment/version metadata, recapture tasks, duplicate/order review, catalog-manager disposition, and immutable production release remain required."
CF27_XBOX_RTG_SECOND_VERIFIER_EXECUTION_v1,CF27_XBOXUNKNOWN_RTG_SKINTONE_013,Skin Tone,Skin Tone 13,13,phase0-video-004,39-40,phase0-frame-video-004-tl-016,,yes,yes,yes,no,no,yes,yes,VERIFIED;VERIFIED_WITH_NOTES;RECAPTURE_REQUIRED;VERSION_MISMATCH;MISSING_EVIDENCE;COUNT_MISMATCH;ORDER_MISMATCH;DEPENDENCY_UNRESOLVED;NOT_VERIFIED,for non-clean decisions,CAN_REVIEW_IMMEDIATELY_FROM_EXISTING_MEDIA,,CF27-MIN-RECAP-001;CF27-MIN-RECAP-003;CF27-MIN-RECAP-004;CF27-MIN-RECAP-006;CF27-MIN-RECAP-007;CF27-MIN-RECAP-008;CF27-MIN-RECAP-010;CF27-MIN-RECAP-011;CF27-MIN-RECAP-012;CF27-MIN-RECAP-013;CF27-MIN-RECAP-015;CF27-MIN-RECAP-018;CF27-MIN-RECAP-020;CF27-MIN-RECAP-021,NOT_ELIGIBLE,"Second-person verification has not occurred; environment/version metadata, recapture tasks, duplicate/order review, catalog-manager disposition, and immutable production release remain required."
CF27_XBOX_RTG_SECOND_VERIFIER_EXECUTION_v1,CF27_XBOXUNKNOWN_RTG_SKINTONE_017,Skin Tone,Skin Tone 17,17,phase0-video-004,37-38,phase0-frame-video-004-tl-015,,yes,yes,yes,no,no,yes,yes,VERIFIED;VERIFIED_WITH_NOTES;RECAPTURE_REQUIRED;VERSION_MISMATCH;MISSING_EVIDENCE;COUNT_MISMATCH;ORDER_MISMATCH;DEPENDENCY_UNRESOLVED;NOT_VERIFIED,for non-clean decisions,CAN_REVIEW_IMMEDIATELY_FROM_EXISTING_MEDIA,,CF27-MIN-RECAP-001;CF27-MIN-RECAP-003;CF27-MIN-RECAP-004;CF27-MIN-RECAP-006;CF27-MIN-RECAP-007;CF27-MIN-RECAP-008;CF27-MIN-RECAP-010;CF27-MIN-RECAP-011;CF27-MIN-RECAP-012;CF27-MIN-RECAP-013;CF27-MIN-RECAP-015;CF27-MIN-RECAP-018;CF27-MIN-RECAP-020;CF27-MIN-RECAP-021,NOT_ELIGIBLE,"Second-person verification has not occurred; environment/version metadata, recapture tasks, duplicate/order review, catalog-manager disposition, and immutable production release remain required."
CF27_XBOX_RTG_SECOND_VERIFIER_EXECUTION_v1,CF27_XBOXUNKNOWN_RTG_SKINTONE_018,Skin Tone,Skin Tone 18,18,phase0-video-004,20-22,phase0-frame-video-004-tl-007,,yes,yes,yes,no,no,yes,yes,VERIFIED;VERIFIED_WITH_NOTES;RECAPTURE_REQUIRED;VERSION_MISMATCH;MISSING_EVIDENCE;COUNT_MISMATCH;ORDER_MISMATCH;DEPENDENCY_UNRESOLVED;NOT_VERIFIED,for non-clean decisions,CAN_REVIEW_IMMEDIATELY_FROM_EXISTING_MEDIA,,CF27-MIN-RECAP-001;CF27-MIN-RECAP-003;CF27-MIN-RECAP-004;CF27-MIN-RECAP-006;CF27-MIN-RECAP-007;CF27-MIN-RECAP-008;CF27-MIN-RECAP-010;CF27-MIN-RECAP-011;CF27-MIN-RECAP-012;CF27-MIN-RECAP-013;CF27-MIN-RECAP-015;CF27-MIN-RECAP-018;CF27-MIN-RECAP-020;CF27-MIN-RECAP-021,NOT_ELIGIBLE,"Second-person verification has not occurred; environment/version metadata, recapture tasks, duplicate/order review, catalog-manager disposition, and immutable production release remain required."
CF27_XBOX_RTG_SECOND_VERIFIER_EXECUTION_v1,CF27_XBOXUNKNOWN_RTG_SKINTONE_019,Skin Tone,Skin Tone 19,19,phase0-video-004,17-19,phase0-frame-video-004-tl-006,,yes,yes,yes,no,yes,yes,yes,VERIFIED;VERIFIED_WITH_NOTES;RECAPTURE_REQUIRED;VERSION_MISMATCH;MISSING_EVIDENCE;COUNT_MISMATCH;ORDER_MISMATCH;DEPENDENCY_UNRESOLVED;NOT_VERIFIED,for non-clean decisions,CAN_REVIEW_IMMEDIATELY_FROM_EXISTING_MEDIA,,CF27-MIN-RECAP-001;CF27-MIN-RECAP-003;CF27-MIN-RECAP-004;CF27-MIN-RECAP-006;CF27-MIN-RECAP-007;CF27-MIN-RECAP-008;CF27-MIN-RECAP-010;CF27-MIN-RECAP-011;CF27-MIN-RECAP-012;CF27-MIN-RECAP-013;CF27-MIN-RECAP-015;CF27-MIN-RECAP-018;CF27-MIN-RECAP-020;CF27-MIN-RECAP-021,NOT_ELIGIBLE,"Second-person verification has not occurred; environment/version metadata, recapture tasks, duplicate/order review, catalog-manager disposition, and immutable production release remain required."
CF27_XBOX_RTG_SECOND_VERIFIER_EXECUTION_v1,CF27_XBOXUNKNOWN_RTG_SKINTONE_020,Skin Tone,Skin Tone 20,20,phase0-video-004,15-16,phase0-frame-video-004-tl-005,,yes,yes,yes,no,yes,yes,yes,VERIFIED;VERIFIED_WITH_NOTES;RECAPTURE_REQUIRED;VERSION_MISMATCH;MISSING_EVIDENCE;COUNT_MISMATCH;ORDER_MISMATCH;DEPENDENCY_UNRESOLVED;NOT_VERIFIED,for non-clean decisions,CAN_REVIEW_IMMEDIATELY_FROM_EXISTING_MEDIA,,CF27-MIN-RECAP-001;CF27-MIN-RECAP-003;CF27-MIN-RECAP-004;CF27-MIN-RECAP-006;CF27-MIN-RECAP-007;CF27-MIN-RECAP-008;CF27-MIN-RECAP-010;CF27-MIN-RECAP-011;CF27-MIN-RECAP-012;CF27-MIN-RECAP-013;CF27-MIN-RECAP-015;CF27-MIN-RECAP-018;CF27-MIN-RECAP-020;CF27-MIN-RECAP-021,NOT_ELIGIBLE,"Second-person verification has not occurred; environment/version metadata, recapture tasks, duplicate/order review, catalog-manager disposition, and immutable production release remain required."
CF27_XBOX_RTG_SECOND_VERIFIER_EXECUTION_v1,CF27_XBOXUNKNOWN_RTG_SKINTONE_021,Skin Tone,Skin Tone 21,21,phase0-video-004,23-24,phase0-frame-video-004-tl-008,,yes,yes,yes,no,no,yes,yes,VERIFIED;VERIFIED_WITH_NOTES;RECAPTURE_REQUIRED;VERSION_MISMATCH;MISSING_EVIDENCE;COUNT_MISMATCH;ORDER_MISMATCH;DEPENDENCY_UNRESOLVED;NOT_VERIFIED,for non-clean decisions,CAN_REVIEW_IMMEDIATELY_FROM_EXISTING_MEDIA,,CF27-MIN-RECAP-001;CF27-MIN-RECAP-003;CF27-MIN-RECAP-004;CF27-MIN-RECAP-006;CF27-MIN-RECAP-007;CF27-MIN-RECAP-008;CF27-MIN-RECAP-010;CF27-MIN-RECAP-011;CF27-MIN-RECAP-012;CF27-MIN-RECAP-013;CF27-MIN-RECAP-015;CF27-MIN-RECAP-018;CF27-MIN-RECAP-020;CF27-MIN-RECAP-021,NOT_ELIGIBLE,"Second-person verification has not occurred; environment/version metadata, recapture tasks, duplicate/order review, catalog-manager disposition, and immutable production release remain required."
CF27_XBOX_RTG_SECOND_VERIFIER_EXECUTION_v1,CF27_XBOXUNKNOWN_RTG_SKINTONE_022,Skin Tone,Skin Tone 22,22,phase0-video-004,35-36,phase0-frame-video-004-tl-014,,yes,yes,yes,no,yes,yes,yes,VERIFIED;VERIFIED_WITH_NOTES;RECAPTURE_REQUIRED;VERSION_MISMATCH;MISSING_EVIDENCE;COUNT_MISMATCH;ORDER_MISMATCH;DEPENDENCY_UNRESOLVED;NOT_VERIFIED,for non-clean decisions,CAN_REVIEW_IMMEDIATELY_FROM_EXISTING_MEDIA,,CF27-MIN-RECAP-001;CF27-MIN-RECAP-003;CF27-MIN-RECAP-004;CF27-MIN-RECAP-006;CF27-MIN-RECAP-007;CF27-MIN-RECAP-008;CF27-MIN-RECAP-010;CF27-MIN-RECAP-011;CF27-MIN-RECAP-012;CF27-MIN-RECAP-013;CF27-MIN-RECAP-015;CF27-MIN-RECAP-018;CF27-MIN-RECAP-020;CF27-MIN-RECAP-021,NOT_ELIGIBLE,"Second-person verification has not occurred; environment/version metadata, recapture tasks, duplicate/order review, catalog-manager disposition, and immutable production release remain required."
CF27_XBOX_RTG_SECOND_VERIFIER_EXECUTION_v1,CF27_XBOXUNKNOWN_RTG_SKINTONE_023,Skin Tone,Skin Tone 23,23,phase0-video-004,52-53.82,phase0-frame-video-004-tl-023,,yes,yes,yes,no,no,yes,yes,VERIFIED;VERIFIED_WITH_NOTES;RECAPTURE_REQUIRED;VERSION_MISMATCH;MISSING_EVIDENCE;COUNT_MISMATCH;ORDER_MISMATCH;DEPENDENCY_UNRESOLVED;NOT_VERIFIED,for non-clean decisions,CAN_REVIEW_IMMEDIATELY_FROM_EXISTING_MEDIA,,CF27-MIN-RECAP-001;CF27-MIN-RECAP-003;CF27-MIN-RECAP-004;CF27-MIN-RECAP-006;CF27-MIN-RECAP-007;CF27-MIN-RECAP-008;CF27-MIN-RECAP-010;CF27-MIN-RECAP-011;CF27-MIN-RECAP-012;CF27-MIN-RECAP-013;CF27-MIN-RECAP-015;CF27-MIN-RECAP-018;CF27-MIN-RECAP-020;CF27-MIN-RECAP-021,NOT_ELIGIBLE,"Second-person verification has not occurred; environment/version metadata, recapture tasks, duplicate/order review, catalog-manager disposition, and immutable production release remain required."
CF27_XBOX_RTG_SECOND_VERIFIER_EXECUTION_v1,CF27_XBOXUNKNOWN_RTG_SKINTONE_024,Skin Tone,Skin Tone 24,24,phase0-video-004,33-34,phase0-frame-video-004-tl-013,,yes,yes,yes,no,no,yes,yes,VERIFIED;VERIFIED_WITH_NOTES;RECAPTURE_REQUIRED;VERSION_MISMATCH;MISSING_EVIDENCE;COUNT_MISMATCH;ORDER_MISMATCH;DEPENDENCY_UNRESOLVED;NOT_VERIFIED,for non-clean decisions,CAN_REVIEW_IMMEDIATELY_FROM_EXISTING_MEDIA,,CF27-MIN-RECAP-001;CF27-MIN-RECAP-003;CF27-MIN-RECAP-004;CF27-MIN-RECAP-006;CF27-MIN-RECAP-007;CF27-MIN-RECAP-008;CF27-MIN-RECAP-010;CF27-MIN-RECAP-011;CF27-MIN-RECAP-012;CF27-MIN-RECAP-013;CF27-MIN-RECAP-015;CF27-MIN-RECAP-018;CF27-MIN-RECAP-020;CF27-MIN-RECAP-021,NOT_ELIGIBLE,"Second-person verification has not occurred; environment/version metadata, recapture tasks, duplicate/order review, catalog-manager disposition, and immutable production release remain required."
CF27_XBOX_RTG_SECOND_VERIFIER_EXECUTION_v1,CF27_XBOXUNKNOWN_RTG_SKINTONE_029,Skin Tone,Skin Tone 29,29,phase0-video-004,31-32,phase0-frame-video-004-tl-012,,yes,yes,yes,no,no,yes,yes,VERIFIED;VERIFIED_WITH_NOTES;RECAPTURE_REQUIRED;VERSION_MISMATCH;MISSING_EVIDENCE;COUNT_MISMATCH;ORDER_MISMATCH;DEPENDENCY_UNRESOLVED;NOT_VERIFIED,for non-clean decisions,CAN_REVIEW_IMMEDIATELY_FROM_EXISTING_MEDIA,,CF27-MIN-RECAP-001;CF27-MIN-RECAP-003;CF27-MIN-RECAP-004;CF27-MIN-RECAP-006;CF27-MIN-RECAP-007;CF27-MIN-RECAP-008;CF27-MIN-RECAP-010;CF27-MIN-RECAP-011;CF27-MIN-RECAP-012;CF27-MIN-RECAP-013;CF27-MIN-RECAP-015;CF27-MIN-RECAP-018;CF27-MIN-RECAP-020;CF27-MIN-RECAP-021,NOT_ELIGIBLE,"Second-person verification has not occurred; environment/version metadata, recapture tasks, duplicate/order review, catalog-manager disposition, and immutable production release remain required."
