segment_id,source_media_id,start_timestamp,end_timestamp,suspected_game,suspected_mode,suspected_creation_path,suspected_category,suspected_menu_label,suspected_option_label,suspected_option_index,extraction_confidence,extraction_methods,evidence_frame_references,review_status,notes
SEG_GFM_MEDIA_CF27_60F68A5C1AF4_0012,GFM_MEDIA_CF27_60F68A5C1AF4,0,4,cf27,Road to Glory Create Player,Create Player > Player,appearance_menu_hair_row,Appearance menu / Hair row,,,medium,existing_cf27_august_timeline|human_research_prior_to_generic_ingest,,AUTOMATED_IMPORTED_REQUIRES_PRIMARY_REVIEW,Appearance menu begins on Hair row before opening Hair controls.
SEG_GFM_MEDIA_CF27_60F68A5C1AF4_0014,GFM_MEDIA_CF27_60F68A5C1AF4,100,174,cf27,Road to Glory Create Player,Create Player > Player,hair_color,Hair Color,Light Brown,,high,existing_cf27_august_timeline|human_research_prior_to_generic_ingest,data/phase-zero/derivative-frames/august-2026-source-recordings/CF27_XBOX_SOURCE_2026_08_02_002_tl_003_hair_color_100p5s.png,AUTOMATED_IMPORTED_REQUIRES_PRIMARY_REVIEW,"Selected native Hair Color label Light Brown is directly readable, but the selector is scrolled so native order remains unresolved."
SEG_GFM_MEDIA_CF27_60F68A5C1AF4_0015,GFM_MEDIA_CF27_60F68A5C1AF4,175,224,cf27,Road to Glory Create Player,Create Player > Player,facial_hair_style,Facial Hair Style,Mutton Chops,,high,existing_cf27_august_timeline|human_research_prior_to_generic_ingest,data/phase-zero/derivative-frames/august-2026-source-recordings/CF27_XBOX_SOURCE_2026_08_02_002_tl_004_facial_hair_style_175p5s.png,AUTOMATED_IMPORTED_REQUIRES_PRIMARY_REVIEW,"Selected native Facial Hair Style label Mutton Chops is directly readable, but the selector is scrolled so native order remains unresolved."
SEG_GFM_MEDIA_CF27_60F68A5C1AF4_0016,GFM_MEDIA_CF27_60F68A5C1AF4,225,235.35,cf27,Road to Glory Create Player,Create Player > Player,facial_hair_color,Facial Hair Color,Purple,,high,existing_cf27_august_timeline|human_research_prior_to_generic_ingest,data/phase-zero/derivative-frames/august-2026-source-recordings/CF27_XBOX_SOURCE_2026_08_02_002_tl_005_facial_hair_color_225p5s.png,AUTOMATED_IMPORTED_REQUIRES_PRIMARY_REVIEW,"Selected native Facial Hair Color label Purple is directly readable, but the selector is scrolled so native order remains unresolved."
SEG_GFM_MEDIA_CF27_60F68A5C1AF4_0013,GFM_MEDIA_CF27_60F68A5C1AF4,5,99,cf27,Road to Glory Create Player,Create Player > Player,hair_style,Hair Style,Short Curly,,high,existing_cf27_august_timeline|human_research_prior_to_generic_ingest,data/phase-zero/derivative-frames/august-2026-source-recordings/CF27_XBOX_SOURCE_2026_08_02_002_tl_002_hair_style_5p5s.png,AUTOMATED_IMPORTED_REQUIRES_PRIMARY_REVIEW,Selected native Hair Style label Short Curly is directly readable. Broader traversal is visible but not all labels are cataloged by this intake.
SEG_GFM_MEDIA_CF27_90A29684F972_0017,GFM_MEDIA_CF27_90A29684F972,0,4,cf27,Road to Glory Create Player,Create Player > Player,player_body_styles_entry,Player body / Styles entry,,,medium,existing_cf27_august_timeline|human_research_prior_to_generic_ingest,,AUTOMATED_IMPORTED_REQUIRES_PRIMARY_REVIEW,Recording begins in Player context before Styles row review.
SEG_GFM_MEDIA_CF27_90A29684F972_0020,GFM_MEDIA_CF27_90A29684F972,125,154,cf27,Road to Glory Create Player,Create Player > Player,qb_under_center_stance,QB Under Center Stance,Visible stance values,,medium,existing_cf27_august_timeline|human_research_prior_to_generic_ingest,data/phase-zero/derivative-frames/august-2026-source-recordings/CF27_XBOX_SOURCE_2026_08_02_003_tl_004_styles_under_center_stance_125p5s.png,AUTOMATED_IMPORTED_REQUIRES_PRIMARY_REVIEW,Under-center stance options are visible; no facial recommendation should use this evidence.
SEG_GFM_MEDIA_CF27_90A29684F972_0021,GFM_MEDIA_CF27_90A29684F972,155,163.8,cf27,Road to Glory Create Player,Create Player > Player,2_point_stance_rows,2-Point Stance rows,Visible stance values,,medium,existing_cf27_august_timeline|human_research_prior_to_generic_ingest,data/phase-zero/derivative-frames/august-2026-source-recordings/CF27_XBOX_SOURCE_2026_08_02_003_tl_005_styles_point_stance_155p5s.png,AUTOMATED_IMPORTED_REQUIRES_PRIMARY_REVIEW,Two-point stance rows are visible; no facial recommendation should use this evidence.
SEG_GFM_MEDIA_CF27_90A29684F972_0018,GFM_MEDIA_CF27_90A29684F972,5,74,cf27,Road to Glory Create Player,Create Player > Player,qb_throw_style,QB Throw Style,Over the Top 2,,high,existing_cf27_august_timeline|human_research_prior_to_generic_ingest,data/phase-zero/derivative-frames/august-2026-source-recordings/CF27_XBOX_SOURCE_2026_08_02_003_tl_002_styles_throw_style_5p5s.png,AUTOMATED_IMPORTED_REQUIRES_PRIMARY_REVIEW,Styles screen visible with QB Throw Style and other body/context rows. This is not facial-appearance catalog evidence.
SEG_GFM_MEDIA_CF27_90A29684F972_0019,GFM_MEDIA_CF27_90A29684F972,75,124,cf27,Road to Glory Create Player,Create Player > Player,run_style,Run Style,Default / visible style values,,medium,existing_cf27_august_timeline|human_research_prior_to_generic_ingest,data/phase-zero/derivative-frames/august-2026-source-recordings/CF27_XBOX_SOURCE_2026_08_02_003_tl_003_styles_run_style_75p5s.png,AUTOMATED_IMPORTED_REQUIRES_PRIMARY_REVIEW,Run Style and related rows appear during traversal; used for context/dependency gap tracking only.
SEG_GFM_MEDIA_CF27_BDD75F0CE953_0001,GFM_MEDIA_CF27_BDD75F0CE953,0,4,cf27,Road to Glory Create Player,Create Player > Player,appearance_menu_head_skin_row,Appearance menu / Head & Skin row,,,medium,existing_cf27_august_timeline|human_research_prior_to_generic_ingest,data/phase-zero/derivative-frames/august-2026-source-recordings/CF27_XBOX_SOURCE_2026_08_02_001_tl_001_appearance_menu_0p5s.png,AUTOMATED_IMPORTED_REQUIRES_PRIMARY_REVIEW,Appearance menu visible before Head & Skin traversal.
SEG_GFM_MEDIA_CF27_BDD75F0CE953_0004,GFM_MEDIA_CF27_BDD75F0CE953,120,144,cf27,Road to Glory Create Player,Create Player > Player,skin_details,Skin Details,Selected skin-detail labels visible in recording; representative frame only.,,medium,existing_cf27_august_timeline|human_research_prior_to_generic_ingest,data/phase-zero/derivative-frames/august-2026-source-recordings/CF27_XBOX_SOURCE_2026_08_02_001_tl_004_skin_details_125p5s.png,AUTOMATED_IMPORTED_REQUIRES_PRIMARY_REVIEW,Skin Details traversal is present but this ingest does not replace the existing category catalog without per-label review.
SEG_GFM_MEDIA_CF27_BDD75F0CE953_0005,GFM_MEDIA_CF27_BDD75F0CE953,145,159,cf27,Road to Glory Create Player,Create Player > Player,eye_shape,Eye Shape,Selected eye-shape label visible in recording; representative frame only.,,medium,existing_cf27_august_timeline|human_research_prior_to_generic_ingest,data/phase-zero/derivative-frames/august-2026-source-recordings/CF27_XBOX_SOURCE_2026_08_02_001_tl_005_eye_shape_155p5s.png,AUTOMATED_IMPORTED_REQUIRES_PRIMARY_REVIEW,Eye Shape traversal is present but boundaries and every selected value still require normal category review.
SEG_GFM_MEDIA_CF27_BDD75F0CE953_0006,GFM_MEDIA_CF27_BDD75F0CE953,160,184,cf27,Road to Glory Create Player,Create Player > Player,eye_color,Eye Color,Selected eye-color labels visible in recording; representative frame only.,,medium,existing_cf27_august_timeline|human_research_prior_to_generic_ingest,data/phase-zero/derivative-frames/august-2026-source-recordings/CF27_XBOX_SOURCE_2026_08_02_001_tl_006_eye_color_170p5s.png,AUTOMATED_IMPORTED_REQUIRES_PRIMARY_REVIEW,Eye Color traversal is present. This clip supplements but does not replace existing category evidence review.
SEG_GFM_MEDIA_CF27_BDD75F0CE953_0007,GFM_MEDIA_CF27_BDD75F0CE953,185,199,cf27,Road to Glory Create Player,Create Player > Player,nose,Nose,Selected nose labels visible in recording; representative frame only.,,medium,existing_cf27_august_timeline|human_research_prior_to_generic_ingest,data/phase-zero/derivative-frames/august-2026-source-recordings/CF27_XBOX_SOURCE_2026_08_02_001_tl_007_nose_190p5s.png,AUTOMATED_IMPORTED_REQUIRES_PRIMARY_REVIEW,Nose traversal is present but duplicate/order concerns remain a later review task.
SEG_GFM_MEDIA_CF27_BDD75F0CE953_0008,GFM_MEDIA_CF27_BDD75F0CE953,200,209,cf27,Road to Glory Create Player,Create Player > Player,ear_shape,Ear Shape,Selected ear-shape label visible in recording; representative frame only.,,medium,existing_cf27_august_timeline|human_research_prior_to_generic_ingest,data/phase-zero/derivative-frames/august-2026-source-recordings/CF27_XBOX_SOURCE_2026_08_02_001_tl_008_ear_shape_205p5s.png,AUTOMATED_IMPORTED_REQUIRES_PRIMARY_REVIEW,Ear Shape appears briefly; frame is useful for menu/category traceability but does not prove both ears or full category completion.
SEG_GFM_MEDIA_CF27_BDD75F0CE953_0009,GFM_MEDIA_CF27_BDD75F0CE953,210,219,cf27,Road to Glory Create Player,Create Player > Player,mouth_shape,Mouth Shape,Heavy,,high,existing_cf27_august_timeline|human_research_prior_to_generic_ingest,data/phase-zero/derivative-frames/august-2026-source-recordings/CF27_XBOX_SOURCE_2026_08_02_001_tl_009_mouth_shape_215p5s.png,AUTOMATED_IMPORTED_REQUIRES_PRIMARY_REVIEW,"Selected native Mouth Shape label Heavy is directly readable; grid appears fully visible, but production still needs second verification."
SEG_GFM_MEDIA_CF27_BDD75F0CE953_0010,GFM_MEDIA_CF27_BDD75F0CE953,220,229,cf27,Road to Glory Create Player,Create Player > Player,jaw_shape,Jaw Shape,Square,,high,existing_cf27_august_timeline|human_research_prior_to_generic_ingest,data/phase-zero/derivative-frames/august-2026-source-recordings/CF27_XBOX_SOURCE_2026_08_02_001_tl_010_jaw_shape_225p5s.png,AUTOMATED_IMPORTED_REQUIRES_PRIMARY_REVIEW,"Selected native Jaw Shape label Square is directly readable; grid appears fully visible, but production still needs second verification."
SEG_GFM_MEDIA_CF27_BDD75F0CE953_0011,GFM_MEDIA_CF27_BDD75F0CE953,230,240.24,cf27,Road to Glory Create Player,Create Player > Player,chin,Chin,Square,,high,existing_cf27_august_timeline|human_research_prior_to_generic_ingest,data/phase-zero/derivative-frames/august-2026-source-recordings/CF27_XBOX_SOURCE_2026_08_02_001_tl_011_chin_235p0s.png,AUTOMATED_IMPORTED_REQUIRES_PRIMARY_REVIEW,"Selected native Chin label Square is directly readable; grid appears fully visible, but production still needs second verification."
SEG_GFM_MEDIA_CF27_BDD75F0CE953_0002,GFM_MEDIA_CF27_BDD75F0CE953,5,64,cf27,Road to Glory Create Player,Create Player > Player,head_template,Head Template,Face values visible during traversal,,medium,existing_cf27_august_timeline|human_research_prior_to_generic_ingest,data/phase-zero/derivative-frames/august-2026-source-recordings/CF27_XBOX_SOURCE_2026_08_02_001_tl_002_head_template_5p5s.png,AUTOMATED_IMPORTED_REQUIRES_PRIMARY_REVIEW,Head Template selector is traversed; new clip reinforces existing head/menu evidence but does not independently resolve complete count or duplicate review.
SEG_GFM_MEDIA_CF27_BDD75F0CE953_0003,GFM_MEDIA_CF27_BDD75F0CE953,65,119,cf27,Road to Glory Create Player,Create Player > Player,skin_tone,Skin Tone,Skin Tone 20,,high,existing_cf27_august_timeline|human_research_prior_to_generic_ingest,data/phase-zero/derivative-frames/august-2026-source-recordings/CF27_XBOX_SOURCE_2026_08_02_001_tl_003_skin_tone_82p0s.png,AUTOMATED_IMPORTED_REQUIRES_PRIMARY_REVIEW,Skin Tone selector is directly visible; selected Skin Tone 20 frame is useful as supplemental evidence only because prior category completeness still requires boundary verification.
SEG_GFM_MEDIA_FC26_0C758EB69716_FC26_FACE_EYE_COLOUR_0,GFM_MEDIA_FC26_0C758EB69716,00:00:00.000,00:00:03.000,fc26,Player Creator,Player Creator,eye_colour,Eye Colour,Light Blue,,verified,existing_fc26_player_creator_research,,AUTOMATED_IMPORTED_REQUIRES_PRIMARY_REVIEW,FC26 observation imported from existing research data; not production verified.
SEG_GFM_MEDIA_FC26_0C758EB69716_FC26_FACE_EYES_0,GFM_MEDIA_FC26_0C758EB69716,00:00:00.000,00:00:03.000,fc26,Player Creator,Player Creator,eyes,Eyes,Eyes 299,299,verified,existing_fc26_player_creator_research,,AUTOMATED_IMPORTED_REQUIRES_PRIMARY_REVIEW,FC26 observation imported from existing research data; not production verified.
SEG_GFM_MEDIA_FC26_0C758EB69716_FC26_FACE_EYEBROWS_0,GFM_MEDIA_FC26_0C758EB69716,00:00:00.000,00:00:03.000,fc26,Player Creator,Player Creator,eyebrows,Eyebrows,Eyebrows 268,268,verified,existing_fc26_player_creator_research,,AUTOMATED_IMPORTED_REQUIRES_PRIMARY_REVIEW,FC26 observation imported from existing research data; not production verified.
SEG_GFM_MEDIA_FC26_0C758EB69716_FC26_FACE_EYES_5,GFM_MEDIA_FC26_0C758EB69716,00:00:05.000,00:00:08.000,fc26,Player Creator,Player Creator,eyes,Eyes,Eyes 1005,1005,verified,existing_fc26_player_creator_research,,AUTOMATED_IMPORTED_REQUIRES_PRIMARY_REVIEW,FC26 observation imported from existing research data; not production verified.
SEG_GFM_MEDIA_FC26_0C758EB69716_FC26_FACE_EYES_10,GFM_MEDIA_FC26_0C758EB69716,00:00:10.000,00:00:13.000,fc26,Player Creator,Player Creator,eyes,Eyes,Eyes 93,93,verified,existing_fc26_player_creator_research,,AUTOMATED_IMPORTED_REQUIRES_PRIMARY_REVIEW,FC26 observation imported from existing research data; not production verified.
SEG_GFM_MEDIA_FC26_0C758EB69716_FC26_FACE_EYES_15,GFM_MEDIA_FC26_0C758EB69716,00:00:15.000,00:00:18.000,fc26,Player Creator,Player Creator,eyes,Eyes,Eyes 268,268,verified,existing_fc26_player_creator_research,,AUTOMATED_IMPORTED_REQUIRES_PRIMARY_REVIEW,FC26 observation imported from existing research data; not production verified.
SEG_GFM_MEDIA_FC26_0C758EB69716_FC26_FACE_EYES_20,GFM_MEDIA_FC26_0C758EB69716,00:00:20.000,00:00:23.000,fc26,Player Creator,Player Creator,eyes,Eyes,Eyes 23,23,verified,existing_fc26_player_creator_research,,AUTOMATED_IMPORTED_REQUIRES_PRIMARY_REVIEW,FC26 observation imported from existing research data; not production verified.
SEG_GFM_MEDIA_FC26_0C758EB69716_FC26_FACE_EYEBROWS_25,GFM_MEDIA_FC26_0C758EB69716,00:00:25.000,00:00:28.000,fc26,Player Creator,Player Creator,eyebrows,Eyebrows,Eyebrows 304,304,verified,existing_fc26_player_creator_research,,AUTOMATED_IMPORTED_REQUIRES_PRIMARY_REVIEW,FC26 observation imported from existing research data; not production verified.
SEG_GFM_MEDIA_FC26_0C758EB69716_FC26_FACE_EYES_30,GFM_MEDIA_FC26_0C758EB69716,00:00:30.000,00:00:33.000,fc26,Player Creator,Player Creator,eyes,Eyes,Eyes 116,116,verified,existing_fc26_player_creator_research,,AUTOMATED_IMPORTED_REQUIRES_PRIMARY_REVIEW,FC26 observation imported from existing research data; not production verified.
SEG_GFM_MEDIA_FC26_0C758EB69716_FC26_FACE_EYEBROWS_40,GFM_MEDIA_FC26_0C758EB69716,00:00:40.000,00:00:43.000,fc26,Player Creator,Player Creator,eyebrows,Eyebrows,Eyebrows 1004,1004,verified,existing_fc26_player_creator_research,,AUTOMATED_IMPORTED_REQUIRES_PRIMARY_REVIEW,FC26 observation imported from existing research data; not production verified.
SEG_GFM_MEDIA_FC26_0C758EB69716_FC26_FACE_NOSE_40,GFM_MEDIA_FC26_0C758EB69716,00:00:40.000,00:00:43.000,fc26,Player Creator,Player Creator,nose,Nose,Nose 203,203,verified,existing_fc26_player_creator_research,,AUTOMATED_IMPORTED_REQUIRES_PRIMARY_REVIEW,FC26 observation imported from existing research data; not production verified.
SEG_GFM_MEDIA_FC26_0C758EB69716_FC26_FACE_NOSE_45,GFM_MEDIA_FC26_0C758EB69716,00:00:45.000,00:00:48.000,fc26,Player Creator,Player Creator,nose,Nose,Nose 226,226,verified,existing_fc26_player_creator_research,,AUTOMATED_IMPORTED_REQUIRES_PRIMARY_REVIEW,FC26 observation imported from existing research data; not production verified.
SEG_GFM_MEDIA_FC26_0C758EB69716_FC26_FACE_NOSE_50,GFM_MEDIA_FC26_0C758EB69716,00:00:50.000,00:00:53.000,fc26,Player Creator,Player Creator,nose,Nose,Nose 1004,1004,verified,existing_fc26_player_creator_research,,AUTOMATED_IMPORTED_REQUIRES_PRIMARY_REVIEW,FC26 observation imported from existing research data; not production verified.
SEG_GFM_MEDIA_FC26_0C758EB69716_FC26_FACE_NOSE_55,GFM_MEDIA_FC26_0C758EB69716,00:00:55.000,00:00:58.000,fc26,Player Creator,Player Creator,nose,Nose,Nose 116,116,verified,existing_fc26_player_creator_research,,AUTOMATED_IMPORTED_REQUIRES_PRIMARY_REVIEW,FC26 observation imported from existing research data; not production verified.
SEG_GFM_MEDIA_FC26_0C758EB69716_FC26_FACE_NOSE_60,GFM_MEDIA_FC26_0C758EB69716,00:01:00.000,00:01:03.000,fc26,Player Creator,Player Creator,nose,Nose,Nose 1002,1002,verified,existing_fc26_player_creator_research,,AUTOMATED_IMPORTED_REQUIRES_PRIMARY_REVIEW,FC26 observation imported from existing research data; not production verified.
SEG_GFM_MEDIA_FC26_0C758EB69716_FC26_FACE_MOUTH_60,GFM_MEDIA_FC26_0C758EB69716,00:01:00.000,00:01:03.000,fc26,Player Creator,Player Creator,mouth,Mouth,Mouth 226,226,verified,existing_fc26_player_creator_research,,AUTOMATED_IMPORTED_REQUIRES_PRIMARY_REVIEW,FC26 observation imported from existing research data; not production verified.
SEG_GFM_MEDIA_FC26_0C758EB69716_FC26_FACE_MOUTH_65,GFM_MEDIA_FC26_0C758EB69716,00:01:05.000,00:01:08.000,fc26,Player Creator,Player Creator,mouth,Mouth,Mouth 304,304,verified,existing_fc26_player_creator_research,,AUTOMATED_IMPORTED_REQUIRES_PRIMARY_REVIEW,FC26 observation imported from existing research data; not production verified.
SEG_GFM_MEDIA_FC26_0C758EB69716_FC26_FACE_MOUTH_70,GFM_MEDIA_FC26_0C758EB69716,00:01:10.000,00:01:13.000,fc26,Player Creator,Player Creator,mouth,Mouth,Mouth 241,241,verified,existing_fc26_player_creator_research,,AUTOMATED_IMPORTED_REQUIRES_PRIMARY_REVIEW,FC26 observation imported from existing research data; not production verified.
SEG_GFM_MEDIA_FC26_0C758EB69716_FC26_FACE_NOSE_75,GFM_MEDIA_FC26_0C758EB69716,00:01:15.000,00:01:18.000,fc26,Player Creator,Player Creator,nose,Nose,Nose 294,294,verified,existing_fc26_player_creator_research,,AUTOMATED_IMPORTED_REQUIRES_PRIMARY_REVIEW,FC26 observation imported from existing research data; not production verified.
SEG_GFM_MEDIA_FC26_0C758EB69716_FC26_FACE_MOUTH_75,GFM_MEDIA_FC26_0C758EB69716,00:01:15.000,00:01:18.000,fc26,Player Creator,Player Creator,mouth,Mouth,Mouth 1001,1001,verified,existing_fc26_player_creator_research,,AUTOMATED_IMPORTED_REQUIRES_PRIMARY_REVIEW,FC26 observation imported from existing research data; not production verified.
SEG_GFM_MEDIA_FC26_0C758EB69716_FC26_FACE_MOUTH_80,GFM_MEDIA_FC26_0C758EB69716,00:01:20.000,00:01:23.000,fc26,Player Creator,Player Creator,mouth,Mouth,Mouth 170,170,verified,existing_fc26_player_creator_research,,AUTOMATED_IMPORTED_REQUIRES_PRIMARY_REVIEW,FC26 observation imported from existing research data; not production verified.
SEG_GFM_MEDIA_FC26_0C758EB69716_FC26_FACE_TEETH_80,GFM_MEDIA_FC26_0C758EB69716,00:01:20.000,00:01:23.000,fc26,Player Creator,Player Creator,teeth,Teeth,Teeth 6,6,verified,existing_fc26_player_creator_research,,AUTOMATED_IMPORTED_REQUIRES_PRIMARY_REVIEW,FC26 observation imported from existing research data; not production verified.
SEG_GFM_MEDIA_FC26_0C758EB69716_FC26_FACE_TEETH_85,GFM_MEDIA_FC26_0C758EB69716,00:01:25.000,00:01:28.000,fc26,Player Creator,Player Creator,teeth,Teeth,Teeth 2,2,verified,existing_fc26_player_creator_research,,AUTOMATED_IMPORTED_REQUIRES_PRIMARY_REVIEW,FC26 observation imported from existing research data; not production verified.
SEG_GFM_MEDIA_FC26_0C758EB69716_FC26_HAIR_COLOUR_90,GFM_MEDIA_FC26_0C758EB69716,00:01:30.000,00:01:33.000,fc26,Player Creator,Player Creator,hair_colour,Hair Colour,Black,,verified,existing_fc26_player_creator_research,,AUTOMATED_IMPORTED_REQUIRES_PRIMARY_REVIEW,FC26 observation imported from existing research data; not production verified.
SEG_GFM_MEDIA_FC26_0C758EB69716_FC26_HAIR_STYLE_GROUP_90,GFM_MEDIA_FC26_0C758EB69716,00:01:30.000,00:01:33.000,fc26,Player Creator,Player Creator,hair_style_group,Hair Style group,Medium,,verified,existing_fc26_player_creator_research,,AUTOMATED_IMPORTED_REQUIRES_PRIMARY_REVIEW,FC26 observation imported from existing research data; not production verified.
SEG_GFM_MEDIA_FC26_0C758EB69716_FC26_HAIR_STYLE_90,GFM_MEDIA_FC26_0C758EB69716,00:01:30.000,00:01:33.000,fc26,Player Creator,Player Creator,hair_style,Hair Style,Hair Style 30,30,verified,existing_fc26_player_creator_research,,AUTOMATED_IMPORTED_REQUIRES_PRIMARY_REVIEW,FC26 observation imported from existing research data; not production verified.
SEG_GFM_MEDIA_FC26_0C758EB69716_FC26_HAIR_EYEBROW_FACIAL_HAIR_COLOUR_90,GFM_MEDIA_FC26_0C758EB69716,00:01:30.000,00:01:33.000,fc26,Player Creator,Player Creator,eyebrow_facial_hair_colour,Eyebrow & Facial Hair Colour,Golden,,verified,existing_fc26_player_creator_research,,AUTOMATED_IMPORTED_REQUIRES_PRIMARY_REVIEW,FC26 observation imported from existing research data; not production verified.
SEG_GFM_MEDIA_FC26_0C758EB69716_FC26_HAIR_COLOUR_100,GFM_MEDIA_FC26_0C758EB69716,00:01:40.000,00:01:43.000,fc26,Player Creator,Player Creator,hair_colour,Hair Colour,Medium Brown,,verified,existing_fc26_player_creator_research,,AUTOMATED_IMPORTED_REQUIRES_PRIMARY_REVIEW,FC26 observation imported from existing research data; not production verified.
SEG_GFM_MEDIA_FC26_0C758EB69716_FC26_FACE_EYEBROWS_105,GFM_MEDIA_FC26_0C758EB69716,00:01:45.000,00:01:48.000,fc26,Player Creator,Player Creator,eyebrows,Eyebrows,Eyebrows 115,115,verified,existing_fc26_player_creator_research,,AUTOMATED_IMPORTED_REQUIRES_PRIMARY_REVIEW,FC26 observation imported from existing research data; not production verified.
SEG_GFM_MEDIA_FC26_0C758EB69716_FC26_HAIR_STYLE_105,GFM_MEDIA_FC26_0C758EB69716,00:01:45.000,00:01:48.000,fc26,Player Creator,Player Creator,hair_style,Hair Style,Hair Style 504,504,verified,existing_fc26_player_creator_research,,AUTOMATED_IMPORTED_REQUIRES_PRIMARY_REVIEW,FC26 observation imported from existing research data; not production verified.
SEG_GFM_MEDIA_FC26_0C758EB69716_FC26_HAIR_COLOUR_110,GFM_MEDIA_FC26_0C758EB69716,00:01:50.000,00:01:53.000,fc26,Player Creator,Player Creator,hair_colour,Hair Colour,Pastel Pink,,verified,existing_fc26_player_creator_research,,AUTOMATED_IMPORTED_REQUIRES_PRIMARY_REVIEW,FC26 observation imported from existing research data; not production verified.
SEG_GFM_MEDIA_FC26_0C758EB69716_FC26_HAIR_STYLE_115,GFM_MEDIA_FC26_0C758EB69716,00:01:55.000,00:01:58.000,fc26,Player Creator,Player Creator,hair_style,Hair Style,Hair Style 396,396,verified,existing_fc26_player_creator_research,,AUTOMATED_IMPORTED_REQUIRES_PRIMARY_REVIEW,FC26 observation imported from existing research data; not production verified.
SEG_GFM_MEDIA_FC26_0C758EB69716_FC26_HAIR_STYLE_GROUP_120,GFM_MEDIA_FC26_0C758EB69716,00:02:00.000,00:02:03.000,fc26,Player Creator,Player Creator,hair_style_group,Hair Style group,Short,,verified,existing_fc26_player_creator_research,,AUTOMATED_IMPORTED_REQUIRES_PRIMARY_REVIEW,FC26 observation imported from existing research data; not production verified.
SEG_GFM_MEDIA_FC26_0C758EB69716_FC26_HAIR_STYLE_120,GFM_MEDIA_FC26_0C758EB69716,00:02:00.000,00:02:03.000,fc26,Player Creator,Player Creator,hair_style,Hair Style,Hair Style 392,392,verified,existing_fc26_player_creator_research,,AUTOMATED_IMPORTED_REQUIRES_PRIMARY_REVIEW,FC26 observation imported from existing research data; not production verified.
SEG_GFM_MEDIA_FC26_0C758EB69716_FC26_HAIR_STYLE_125,GFM_MEDIA_FC26_0C758EB69716,00:02:05.000,00:02:08.000,fc26,Player Creator,Player Creator,hair_style,Hair Style,Hair Style 543,543,verified,existing_fc26_player_creator_research,,AUTOMATED_IMPORTED_REQUIRES_PRIMARY_REVIEW,FC26 observation imported from existing research data; not production verified.
SEG_GFM_MEDIA_FC26_0C758EB69716_FC26_HAIR_STYLE_130,GFM_MEDIA_FC26_0C758EB69716,00:02:10.000,00:02:13.000,fc26,Player Creator,Player Creator,hair_style,Hair Style,Hair Style 93,93,verified,existing_fc26_player_creator_research,,AUTOMATED_IMPORTED_REQUIRES_PRIMARY_REVIEW,FC26 observation imported from existing research data; not production verified.
SEG_GFM_MEDIA_FC26_0C758EB69716_FC26_HAIR_STYLE_135,GFM_MEDIA_FC26_0C758EB69716,00:02:15.000,00:02:18.000,fc26,Player Creator,Player Creator,hair_style,Hair Style,Hair Style 431,431,verified,existing_fc26_player_creator_research,,AUTOMATED_IMPORTED_REQUIRES_PRIMARY_REVIEW,FC26 observation imported from existing research data; not production verified.
SEG_GFM_MEDIA_FC26_0C758EB69716_FC26_HAIR_STYLE_140,GFM_MEDIA_FC26_0C758EB69716,00:02:20.000,00:02:23.000,fc26,Player Creator,Player Creator,hair_style,Hair Style,Hair Style 65,65,verified,existing_fc26_player_creator_research,,AUTOMATED_IMPORTED_REQUIRES_PRIMARY_REVIEW,FC26 observation imported from existing research data; not production verified.
SEG_GFM_MEDIA_FC26_0C758EB69716_FC26_HAIR_STYLE_GROUP_145,GFM_MEDIA_FC26_0C758EB69716,00:02:25.000,00:02:28.000,fc26,Player Creator,Player Creator,hair_style_group,Hair Style group,Long,,verified,existing_fc26_player_creator_research,,AUTOMATED_IMPORTED_REQUIRES_PRIMARY_REVIEW,FC26 observation imported from existing research data; not production verified.
SEG_GFM_MEDIA_FC26_0C758EB69716_FC26_HAIR_STYLE_145,GFM_MEDIA_FC26_0C758EB69716,00:02:25.000,00:02:28.000,fc26,Player Creator,Player Creator,hair_style,Hair Style,Hair Style 233,233,verified,existing_fc26_player_creator_research,,AUTOMATED_IMPORTED_REQUIRES_PRIMARY_REVIEW,FC26 observation imported from existing research data; not production verified.
SEG_GFM_MEDIA_FC26_0C758EB69716_FC26_HAIR_STYLE_150,GFM_MEDIA_FC26_0C758EB69716,00:02:30.000,00:02:33.000,fc26,Player Creator,Player Creator,hair_style,Hair Style,Hair Style 184,184,verified,existing_fc26_player_creator_research,,AUTOMATED_IMPORTED_REQUIRES_PRIMARY_REVIEW,FC26 observation imported from existing research data; not production verified.
SEG_GFM_MEDIA_FC26_0C758EB69716_FC26_HAIR_STYLE_155,GFM_MEDIA_FC26_0C758EB69716,00:02:35.000,00:02:38.000,fc26,Player Creator,Player Creator,hair_style,Hair Style,Hair Style 62,62,verified,existing_fc26_player_creator_research,,AUTOMATED_IMPORTED_REQUIRES_PRIMARY_REVIEW,FC26 observation imported from existing research data; not production verified.
SEG_GFM_MEDIA_FC26_0C758EB69716_FC26_HAIR_STYLE_165,GFM_MEDIA_FC26_0C758EB69716,00:02:45.000,00:02:48.000,fc26,Player Creator,Player Creator,hair_style,Hair Style,Hair Style 285,285,verified,existing_fc26_player_creator_research,,AUTOMATED_IMPORTED_REQUIRES_PRIMARY_REVIEW,FC26 observation imported from existing research data; not production verified.
SEG_GFM_MEDIA_FC26_0C758EB69716_FC26_HAIR_EYEBROW_FACIAL_HAIR_COLOUR_170,GFM_MEDIA_FC26_0C758EB69716,00:02:50.000,00:02:53.000,fc26,Player Creator,Player Creator,eyebrow_facial_hair_colour,Eyebrow & Facial Hair Colour,Honey,,verified,existing_fc26_player_creator_research,,AUTOMATED_IMPORTED_REQUIRES_PRIMARY_REVIEW,FC26 observation imported from existing research data; not production verified.
SEG_GFM_MEDIA_FC26_0C758EB69716_FC26_HAIR_COLOUR_180,GFM_MEDIA_FC26_0C758EB69716,00:03:00.000,00:03:03.000,fc26,Player Creator,Player Creator,hair_colour,Hair Colour,Pink,,verified,existing_fc26_player_creator_research,,AUTOMATED_IMPORTED_REQUIRES_PRIMARY_REVIEW,FC26 observation imported from existing research data; not production verified.
SEG_GFM_MEDIA_FC26_0C758EB69716_FC26_HAIR_STYLE_180,GFM_MEDIA_FC26_0C758EB69716,00:03:00.000,00:03:03.000,fc26,Player Creator,Player Creator,hair_style,Hair Style,Hair Style 444,444,verified,existing_fc26_player_creator_research,,AUTOMATED_IMPORTED_REQUIRES_PRIMARY_REVIEW,FC26 observation imported from existing research data; not production verified.
SEG_GFM_MEDIA_FC26_0C758EB69716_FC26_HAIR_EYEBROW_FACIAL_HAIR_COLOUR_180,GFM_MEDIA_FC26_0C758EB69716,00:03:00.000,00:03:03.000,fc26,Player Creator,Player Creator,eyebrow_facial_hair_colour,Eyebrow & Facial Hair Colour,Pink,,verified,existing_fc26_player_creator_research,,AUTOMATED_IMPORTED_REQUIRES_PRIMARY_REVIEW,FC26 observation imported from existing research data; not production verified.
SEG_GFM_MEDIA_FC26_0C758EB69716_FC26_HAIR_EYEBROW_SHAPE_TOP_180,GFM_MEDIA_FC26_0C758EB69716,00:03:00.000,00:03:03.000,fc26,Player Creator,Player Creator,eyebrow_shape_selector_first_row,"Eyebrow shape selector, first row",'S' Shaped,,probable,existing_fc26_player_creator_research,,AUTOMATED_IMPORTED_REQUIRES_PRIMARY_REVIEW,FC26 observation imported from existing research data; not production verified.
SEG_GFM_MEDIA_FC26_0C758EB69716_FC26_HAIR_EYEBROW_SHAPE_BOTTOM_180,GFM_MEDIA_FC26_0C758EB69716,00:03:00.000,00:03:03.000,fc26,Player Creator,Player Creator,eyebrow_shape_selector_second_row,"Eyebrow shape selector, second row",Low Arch,,probable,existing_fc26_player_creator_research,,AUTOMATED_IMPORTED_REQUIRES_PRIMARY_REVIEW,FC26 observation imported from existing research data; not production verified.
SEG_GFM_MEDIA_FC26_0C758EB69716_FC26_HAIR_COLOUR_190,GFM_MEDIA_FC26_0C758EB69716,00:03:10.000,00:03:13.000,fc26,Player Creator,Player Creator,hair_colour,Hair Colour,Grey,,verified,existing_fc26_player_creator_research,,AUTOMATED_IMPORTED_REQUIRES_PRIMARY_REVIEW,FC26 observation imported from existing research data; not production verified.
SEG_GFM_MEDIA_FC26_0C758EB69716_FC26_HAIR_EYEBROW_FACIAL_HAIR_COLOUR_190,GFM_MEDIA_FC26_0C758EB69716,00:03:10.000,00:03:13.000,fc26,Player Creator,Player Creator,eyebrow_facial_hair_colour,Eyebrow & Facial Hair Colour,Grey,,verified,existing_fc26_player_creator_research,,AUTOMATED_IMPORTED_REQUIRES_PRIMARY_REVIEW,FC26 observation imported from existing research data; not production verified.
SEG_GFM_MEDIA_FC26_0C758EB69716_FC26_HAIR_STYLE_195,GFM_MEDIA_FC26_0C758EB69716,00:03:15.000,00:03:18.000,fc26,Player Creator,Player Creator,hair_style,Hair Style,Hair Style 32,32,verified,existing_fc26_player_creator_research,,AUTOMATED_IMPORTED_REQUIRES_PRIMARY_REVIEW,FC26 observation imported from existing research data; not production verified.
SEG_GFM_MEDIA_FC26_0C758EB69716_FC26_HAIR_EYEBROW_SHAPE_TOP_200,GFM_MEDIA_FC26_0C758EB69716,00:03:20.000,00:03:23.000,fc26,Player Creator,Player Creator,eyebrow_shape_selector_first_row,"Eyebrow shape selector, first row",Straight,,probable,existing_fc26_player_creator_research,,AUTOMATED_IMPORTED_REQUIRES_PRIMARY_REVIEW,FC26 observation imported from existing research data; not production verified.
SEG_GFM_MEDIA_FC26_0C758EB69716_FC26_HAIR_FACIAL_HAIR_200,GFM_MEDIA_FC26_0C758EB69716,00:03:20.000,00:03:23.000,fc26,Player Creator,Player Creator,facial_hair,Facial Hair,Facial Hair 288,288,verified,existing_fc26_player_creator_research,,AUTOMATED_IMPORTED_REQUIRES_PRIMARY_REVIEW,FC26 observation imported from existing research data; not production verified.
SEG_GFM_MEDIA_FC26_0C758EB69716_FC26_HAIR_STYLE_205,GFM_MEDIA_FC26_0C758EB69716,00:03:25.000,00:03:28.000,fc26,Player Creator,Player Creator,hair_style,Hair Style,Hair Style 500,500,verified,existing_fc26_player_creator_research,,AUTOMATED_IMPORTED_REQUIRES_PRIMARY_REVIEW,FC26 observation imported from existing research data; not production verified.
SEG_GFM_MEDIA_FC26_0C758EB69716_FC26_HAIR_EYEBROW_FACIAL_HAIR_COLOUR_205,GFM_MEDIA_FC26_0C758EB69716,00:03:25.000,00:03:28.000,fc26,Player Creator,Player Creator,eyebrow_facial_hair_colour,Eyebrow & Facial Hair Colour,Periwinkle,,verified,existing_fc26_player_creator_research,,AUTOMATED_IMPORTED_REQUIRES_PRIMARY_REVIEW,FC26 observation imported from existing research data; not production verified.
SEG_GFM_MEDIA_FC26_0C758EB69716_FC26_HAIR_FACIAL_HAIR_205,GFM_MEDIA_FC26_0C758EB69716,00:03:25.000,00:03:28.000,fc26,Player Creator,Player Creator,facial_hair,Facial Hair,Facial Hair 38,38,verified,existing_fc26_player_creator_research,,AUTOMATED_IMPORTED_REQUIRES_PRIMARY_REVIEW,FC26 observation imported from existing research data; not production verified.
SEG_GFM_MEDIA_FC26_0C758EB69716_FC26_HAIR_COLOUR_210,GFM_MEDIA_FC26_0C758EB69716,00:03:30.000,00:03:33.000,fc26,Player Creator,Player Creator,hair_colour,Hair Colour,Periwinkle,,verified,existing_fc26_player_creator_research,,AUTOMATED_IMPORTED_REQUIRES_PRIMARY_REVIEW,FC26 observation imported from existing research data; not production verified.
SEG_GFM_MEDIA_FC26_0C758EB69716_FC26_HAIR_STYLE_210,GFM_MEDIA_FC26_0C758EB69716,00:03:30.000,00:03:33.000,fc26,Player Creator,Player Creator,hair_style,Hair Style,Hair Style 421,421,verified,existing_fc26_player_creator_research,,AUTOMATED_IMPORTED_REQUIRES_PRIMARY_REVIEW,FC26 observation imported from existing research data; not production verified.
SEG_GFM_MEDIA_FC26_0C758EB69716_FC26_HAIR_FACIAL_HAIR_210,GFM_MEDIA_FC26_0C758EB69716,00:03:30.000,00:03:33.000,fc26,Player Creator,Player Creator,facial_hair,Facial Hair,Facial Hair 37,37,verified,existing_fc26_player_creator_research,,AUTOMATED_IMPORTED_REQUIRES_PRIMARY_REVIEW,FC26 observation imported from existing research data; not production verified.
SEG_GFM_MEDIA_FC26_0C758EB69716_FC26_HAIR_FACIAL_HAIR_215,GFM_MEDIA_FC26_0C758EB69716,00:03:35.000,00:03:38.000,fc26,Player Creator,Player Creator,facial_hair,Facial Hair,Facial Hair 27,27,verified,existing_fc26_player_creator_research,,AUTOMATED_IMPORTED_REQUIRES_PRIMARY_REVIEW,FC26 observation imported from existing research data; not production verified.
SEG_GFM_MEDIA_FC26_0C758EB69716_FC26_FACE_EYEBROWS_220,GFM_MEDIA_FC26_0C758EB69716,00:03:40.000,00:03:43.000,fc26,Player Creator,Player Creator,eyebrows,Eyebrows,Eyebrows 3,3,verified,existing_fc26_player_creator_research,,AUTOMATED_IMPORTED_REQUIRES_PRIMARY_REVIEW,FC26 observation imported from existing research data; not production verified.
SEG_GFM_MEDIA_FC26_0C758EB69716_FC26_HAIR_FACIAL_HAIR_220,GFM_MEDIA_FC26_0C758EB69716,00:03:40.000,00:03:43.000,fc26,Player Creator,Player Creator,facial_hair,Facial Hair,Facial Hair 285,285,verified,existing_fc26_player_creator_research,,AUTOMATED_IMPORTED_REQUIRES_PRIMARY_REVIEW,FC26 observation imported from existing research data; not production verified.
SEG_GFM_MEDIA_FC26_0C758EB69716_FC26_HAIR_FACIAL_HAIR_225,GFM_MEDIA_FC26_0C758EB69716,00:03:45.000,00:03:48.000,fc26,Player Creator,Player Creator,facial_hair,Facial Hair,Facial Hair 16,16,verified,existing_fc26_player_creator_research,,AUTOMATED_IMPORTED_REQUIRES_PRIMARY_REVIEW,FC26 observation imported from existing research data; not production verified.
SEG_GFM_MEDIA_FC26_0C758EB69716_FC26_HAIR_FACIAL_HAIR_230,GFM_MEDIA_FC26_0C758EB69716,00:03:50.000,00:03:53.000,fc26,Player Creator,Player Creator,facial_hair,Facial Hair,Facial Hair 239,239,verified,existing_fc26_player_creator_research,,AUTOMATED_IMPORTED_REQUIRES_PRIMARY_REVIEW,FC26 observation imported from existing research data; not production verified.
SEG_GFM_MEDIA_FC26_6AB6BFCA771C_FC26_HEAD_SKIN_TONE_0,GFM_MEDIA_FC26_6AB6BFCA771C,00:00:00.000,00:00:03.000,fc26,Player Creator,Player Creator,skin_tone,Skin Tone,Skin Tone 3,3,verified,existing_fc26_player_creator_research,,AUTOMATED_IMPORTED_REQUIRES_PRIMARY_REVIEW,FC26 observation imported from existing research data; not production verified.
SEG_GFM_MEDIA_FC26_6AB6BFCA771C_FC26_HEAD_COMPLEXION_0,GFM_MEDIA_FC26_6AB6BFCA771C,00:00:00.000,00:00:03.000,fc26,Player Creator,Player Creator,complexion,Complexion,Complexion 3,3,verified,existing_fc26_player_creator_research,,AUTOMATED_IMPORTED_REQUIRES_PRIMARY_REVIEW,FC26 observation imported from existing research data; not production verified.
SEG_GFM_MEDIA_FC26_6AB6BFCA771C_FC26_HEAD_SKIN_SURFACE_0,GFM_MEDIA_FC26_6AB6BFCA771C,00:00:00.000,00:00:03.000,fc26,Player Creator,Player Creator,skin_surface,Skin Surface,Skin Surface 18,18,verified,existing_fc26_player_creator_research,,AUTOMATED_IMPORTED_REQUIRES_PRIMARY_REVIEW,FC26 observation imported from existing research data; not production verified.
SEG_GFM_MEDIA_FC26_6AB6BFCA771C_FC26_HEAD_FRECKLES_0,GFM_MEDIA_FC26_6AB6BFCA771C,00:00:00.000,00:00:03.000,fc26,Player Creator,Player Creator,freckles,Freckles,None,,verified,existing_fc26_player_creator_research,,AUTOMATED_IMPORTED_REQUIRES_PRIMARY_REVIEW,FC26 observation imported from existing research data; not production verified.
SEG_GFM_MEDIA_FC26_6AB6BFCA771C_FC26_HEAD_SKIN_TONE_5,GFM_MEDIA_FC26_6AB6BFCA771C,00:00:05.000,00:00:08.000,fc26,Player Creator,Player Creator,skin_tone,Skin Tone,Skin Tone 9,9,verified,existing_fc26_player_creator_research,,AUTOMATED_IMPORTED_REQUIRES_PRIMARY_REVIEW,FC26 observation imported from existing research data; not production verified.
SEG_GFM_MEDIA_FC26_6AB6BFCA771C_FC26_HEAD_COMPLEXION_10,GFM_MEDIA_FC26_6AB6BFCA771C,00:00:10.000,00:00:13.000,fc26,Player Creator,Player Creator,complexion,Complexion,Complexion 6,6,verified,existing_fc26_player_creator_research,,AUTOMATED_IMPORTED_REQUIRES_PRIMARY_REVIEW,FC26 observation imported from existing research data; not production verified.
SEG_GFM_MEDIA_FC26_6AB6BFCA771C_FC26_HEAD_COMPLEXION_10,GFM_MEDIA_FC26_6AB6BFCA771C,00:00:10.000,00:00:13.000,fc26,Player Creator,Player Creator,complexion,Complexion,Complexion 9,9,probable,existing_fc26_player_creator_research,,AUTOMATED_IMPORTED_REQUIRES_PRIMARY_REVIEW,FC26 observation imported from existing research data; not production verified.
SEG_GFM_MEDIA_FC26_6AB6BFCA771C_FC26_HEAD_SKIN_SURFACE_20,GFM_MEDIA_FC26_6AB6BFCA771C,00:00:20.000,00:00:23.000,fc26,Player Creator,Player Creator,skin_surface,Skin Surface,Skin Surface 27,27,verified,existing_fc26_player_creator_research,,AUTOMATED_IMPORTED_REQUIRES_PRIMARY_REVIEW,FC26 observation imported from existing research data; not production verified.
SEG_GFM_MEDIA_FC26_6AB6BFCA771C_FC26_HEAD_SKIN_SURFACE_25,GFM_MEDIA_FC26_6AB6BFCA771C,00:00:25.000,00:00:28.000,fc26,Player Creator,Player Creator,skin_surface,Skin Surface,Skin Surface 36,36,verified,existing_fc26_player_creator_research,,AUTOMATED_IMPORTED_REQUIRES_PRIMARY_REVIEW,FC26 observation imported from existing research data; not production verified.
SEG_GFM_MEDIA_FC26_6AB6BFCA771C_FC26_HEAD_SKIN_SURFACE_30,GFM_MEDIA_FC26_6AB6BFCA771C,00:00:30.000,00:00:33.000,fc26,Player Creator,Player Creator,skin_surface,Skin Surface,Skin Surface 41,41,verified,existing_fc26_player_creator_research,,AUTOMATED_IMPORTED_REQUIRES_PRIMARY_REVIEW,FC26 observation imported from existing research data; not production verified.
SEG_GFM_MEDIA_FC26_6AB6BFCA771C_FC26_HEAD_SKIN_SURFACE_35,GFM_MEDIA_FC26_6AB6BFCA771C,00:00:35.000,00:00:38.000,fc26,Player Creator,Player Creator,skin_surface,Skin Surface,Skin Surface 51,51,verified,existing_fc26_player_creator_research,,AUTOMATED_IMPORTED_REQUIRES_PRIMARY_REVIEW,FC26 observation imported from existing research data; not production verified.
SEG_GFM_MEDIA_FC26_6AB6BFCA771C_FC26_HEAD_SKIN_SURFACE_40,GFM_MEDIA_FC26_6AB6BFCA771C,00:00:40.000,00:00:43.000,fc26,Player Creator,Player Creator,skin_surface,Skin Surface,Skin Surface 3,3,verified,existing_fc26_player_creator_research,,AUTOMATED_IMPORTED_REQUIRES_PRIMARY_REVIEW,FC26 observation imported from existing research data; not production verified.
SEG_GFM_MEDIA_FC26_6AB6BFCA771C_FC26_HEAD_FRECKLES_45,GFM_MEDIA_FC26_6AB6BFCA771C,00:00:45.000,00:00:48.000,fc26,Player Creator,Player Creator,freckles,Freckles,Freckles 2,2,verified,existing_fc26_player_creator_research,,AUTOMATED_IMPORTED_REQUIRES_PRIMARY_REVIEW,FC26 observation imported from existing research data; not production verified.
SEG_GFM_MEDIA_FC26_6AB6BFCA771C_FC26_HEAD_FRECKLES_50,GFM_MEDIA_FC26_6AB6BFCA771C,00:00:50.000,00:00:53.000,fc26,Player Creator,Player Creator,freckles,Freckles,Freckles 12,12,verified,existing_fc26_player_creator_research,,AUTOMATED_IMPORTED_REQUIRES_PRIMARY_REVIEW,FC26 observation imported from existing research data; not production verified.
SEG_GFM_MEDIA_FC26_6AB6BFCA771C_FC26_HEAD_FRECKLES_55,GFM_MEDIA_FC26_6AB6BFCA771C,00:00:55.000,00:00:58.000,fc26,Player Creator,Player Creator,freckles,Freckles,Freckles 3,3,verified,existing_fc26_player_creator_research,,AUTOMATED_IMPORTED_REQUIRES_PRIMARY_REVIEW,FC26 observation imported from existing research data; not production verified.
SEG_GFM_MEDIA_FC26_6AB6BFCA771C_FC26_HEAD_SCARRING_60,GFM_MEDIA_FC26_6AB6BFCA771C,00:01:00.000,00:01:03.000,fc26,Player Creator,Player Creator,scarring,Scarring,Scarring 9,9,verified,existing_fc26_player_creator_research,,AUTOMATED_IMPORTED_REQUIRES_PRIMARY_REVIEW,FC26 observation imported from existing research data; not production verified.
SEG_GFM_MEDIA_FC26_6AB6BFCA771C_FC26_HEAD_SCARRING_65,GFM_MEDIA_FC26_6AB6BFCA771C,00:01:05.000,00:01:08.000,fc26,Player Creator,Player Creator,scarring,Scarring,Scarring 18,18,verified,existing_fc26_player_creator_research,,AUTOMATED_IMPORTED_REQUIRES_PRIMARY_REVIEW,FC26 observation imported from existing research data; not production verified.
SEG_GFM_MEDIA_FC26_6AB6BFCA771C_FC26_HEAD_SCARRING_70,GFM_MEDIA_FC26_6AB6BFCA771C,00:01:10.000,00:01:13.000,fc26,Player Creator,Player Creator,scarring,Scarring,Scarring 26,26,verified,existing_fc26_player_creator_research,,AUTOMATED_IMPORTED_REQUIRES_PRIMARY_REVIEW,FC26 observation imported from existing research data; not production verified.
SEG_GFM_MEDIA_FC26_6AB6BFCA771C_FC26_HEAD_SCARRING_75,GFM_MEDIA_FC26_6AB6BFCA771C,00:01:15.000,00:01:18.000,fc26,Player Creator,Player Creator,scarring,Scarring,Scarring 36,36,verified,existing_fc26_player_creator_research,,AUTOMATED_IMPORTED_REQUIRES_PRIMARY_REVIEW,FC26 observation imported from existing research data; not production verified.
SEG_GFM_MEDIA_FC26_6AB6BFCA771C_FC26_HEAD_MOLES_80,GFM_MEDIA_FC26_6AB6BFCA771C,00:01:20.000,00:01:23.000,fc26,Player Creator,Player Creator,moles,Moles,Moles 2,2,verified,existing_fc26_player_creator_research,,AUTOMATED_IMPORTED_REQUIRES_PRIMARY_REVIEW,FC26 observation imported from existing research data; not production verified.
SEG_GFM_MEDIA_FC26_6AB6BFCA771C_FC26_HEAD_MOLES_90,GFM_MEDIA_FC26_6AB6BFCA771C,00:01:30.000,00:01:33.000,fc26,Player Creator,Player Creator,moles,Moles,Moles 7,7,verified,existing_fc26_player_creator_research,,AUTOMATED_IMPORTED_REQUIRES_PRIMARY_REVIEW,FC26 observation imported from existing research data; not production verified.
SEG_GFM_MEDIA_FC26_6AB6BFCA771C_FC26_HEAD_ROSACEA_100,GFM_MEDIA_FC26_6AB6BFCA771C,00:01:40.000,00:01:43.000,fc26,Player Creator,Player Creator,rosacea,Rosacea,Rosacea 5,5,verified,existing_fc26_player_creator_research,,AUTOMATED_IMPORTED_REQUIRES_PRIMARY_REVIEW,FC26 observation imported from existing research data; not production verified.
SEG_GFM_MEDIA_FC26_6AB6BFCA771C_FC26_HEAD_FACE_MAKEUP_105,GFM_MEDIA_FC26_6AB6BFCA771C,00:01:45.000,00:01:48.000,fc26,Player Creator,Player Creator,face_makeup,Face Makeup,Face Makeup 2,2,verified,existing_fc26_player_creator_research,,AUTOMATED_IMPORTED_REQUIRES_PRIMARY_REVIEW,FC26 observation imported from existing research data; not production verified.
SEG_GFM_MEDIA_FC26_6AB6BFCA771C_FC26_HEAD_LIP_MAKEUP_110,GFM_MEDIA_FC26_6AB6BFCA771C,00:01:50.000,00:01:53.000,fc26,Player Creator,Player Creator,lip_makeup,Lip Makeup,None,,verified,existing_fc26_player_creator_research,,AUTOMATED_IMPORTED_REQUIRES_PRIMARY_REVIEW,FC26 observation imported from existing research data; not production verified.
SEG_GFM_MEDIA_FC26_6AB6BFCA771C_FC26_HEAD_FOREHEAD_115,GFM_MEDIA_FC26_6AB6BFCA771C,00:01:55.000,00:01:58.000,fc26,Player Creator,Player Creator,forehead,Forehead,Forehead 1002,1002,verified,existing_fc26_player_creator_research,,AUTOMATED_IMPORTED_REQUIRES_PRIMARY_REVIEW,FC26 observation imported from existing research data; not production verified.
SEG_GFM_MEDIA_FC26_6AB6BFCA771C_FC26_HEAD_FOREHEAD_120,GFM_MEDIA_FC26_6AB6BFCA771C,00:02:00.000,00:02:03.000,fc26,Player Creator,Player Creator,forehead,Forehead,Forehead 294,294,verified,existing_fc26_player_creator_research,,AUTOMATED_IMPORTED_REQUIRES_PRIMARY_REVIEW,FC26 observation imported from existing research data; not production verified.
SEG_GFM_MEDIA_FC26_6AB6BFCA771C_FC26_HEAD_JAW_120,GFM_MEDIA_FC26_6AB6BFCA771C,00:02:00.000,00:02:03.000,fc26,Player Creator,Player Creator,jaw,Jaw,Jaw 226,226,verified,existing_fc26_player_creator_research,,AUTOMATED_IMPORTED_REQUIRES_PRIMARY_REVIEW,FC26 observation imported from existing research data; not production verified.
SEG_GFM_MEDIA_FC26_6AB6BFCA771C_FC26_HEAD_EARS_120,GFM_MEDIA_FC26_6AB6BFCA771C,00:02:00.000,00:02:03.000,fc26,Player Creator,Player Creator,ears,Ears,Ears 175,175,verified,existing_fc26_player_creator_research,,AUTOMATED_IMPORTED_REQUIRES_PRIMARY_REVIEW,FC26 observation imported from existing research data; not production verified.
SEG_GFM_MEDIA_FC26_6AB6BFCA771C_FC26_HEAD_FOREHEAD_125,GFM_MEDIA_FC26_6AB6BFCA771C,00:02:05.000,00:02:08.000,fc26,Player Creator,Player Creator,forehead,Forehead,Forehead 23,23,verified,existing_fc26_player_creator_research,,AUTOMATED_IMPORTED_REQUIRES_PRIMARY_REVIEW,FC26 observation imported from existing research data; not production verified.
SEG_GFM_MEDIA_FC26_6AB6BFCA771C_FC26_HEAD_FOREHEAD_130,GFM_MEDIA_FC26_6AB6BFCA771C,00:02:10.000,00:02:13.000,fc26,Player Creator,Player Creator,forehead,Forehead,Forehead 175,175,verified,existing_fc26_player_creator_research,,AUTOMATED_IMPORTED_REQUIRES_PRIMARY_REVIEW,FC26 observation imported from existing research data; not production verified.
SEG_GFM_MEDIA_FC26_6AB6BFCA771C_FC26_HEAD_FOREHEAD_135,GFM_MEDIA_FC26_6AB6BFCA771C,00:02:15.000,00:02:18.000,fc26,Player Creator,Player Creator,forehead,Forehead,Forehead 304,304,verified,existing_fc26_player_creator_research,,AUTOMATED_IMPORTED_REQUIRES_PRIMARY_REVIEW,FC26 observation imported from existing research data; not production verified.
SEG_GFM_MEDIA_FC26_6AB6BFCA771C_FC26_HEAD_FOREHEAD_140,GFM_MEDIA_FC26_6AB6BFCA771C,00:02:20.000,00:02:23.000,fc26,Player Creator,Player Creator,forehead,Forehead,Forehead 9,9,verified,existing_fc26_player_creator_research,,AUTOMATED_IMPORTED_REQUIRES_PRIMARY_REVIEW,FC26 observation imported from existing research data; not production verified.
SEG_GFM_MEDIA_FC26_6AB6BFCA771C_FC26_HEAD_JAW_140,GFM_MEDIA_FC26_6AB6BFCA771C,00:02:20.000,00:02:23.000,fc26,Player Creator,Player Creator,jaw,Jaw,Jaw 260,260,verified,existing_fc26_player_creator_research,,AUTOMATED_IMPORTED_REQUIRES_PRIMARY_REVIEW,FC26 observation imported from existing research data; not production verified.
SEG_GFM_MEDIA_FC26_6AB6BFCA771C_FC26_HEAD_JAW_145,GFM_MEDIA_FC26_6AB6BFCA771C,00:02:25.000,00:02:28.000,fc26,Player Creator,Player Creator,jaw,Jaw,Jaw 9,9,verified,existing_fc26_player_creator_research,,AUTOMATED_IMPORTED_REQUIRES_PRIMARY_REVIEW,FC26 observation imported from existing research data; not production verified.
SEG_GFM_MEDIA_FC26_6AB6BFCA771C_FC26_HEAD_JAW_150,GFM_MEDIA_FC26_6AB6BFCA771C,00:02:30.000,00:02:33.000,fc26,Player Creator,Player Creator,jaw,Jaw,Jaw 151,151,verified,existing_fc26_player_creator_research,,AUTOMATED_IMPORTED_REQUIRES_PRIMARY_REVIEW,FC26 observation imported from existing research data; not production verified.
SEG_GFM_MEDIA_FC26_6AB6BFCA771C_FC26_HEAD_JAW_155,GFM_MEDIA_FC26_6AB6BFCA771C,00:02:35.000,00:02:38.000,fc26,Player Creator,Player Creator,jaw,Jaw,Jaw 294,294,verified,existing_fc26_player_creator_research,,AUTOMATED_IMPORTED_REQUIRES_PRIMARY_REVIEW,FC26 observation imported from existing research data; not production verified.
SEG_GFM_MEDIA_FC26_6AB6BFCA771C_FC26_HEAD_JAW_160,GFM_MEDIA_FC26_6AB6BFCA771C,00:02:40.000,00:02:43.000,fc26,Player Creator,Player Creator,jaw,Jaw,Jaw 1002,1002,verified,existing_fc26_player_creator_research,,AUTOMATED_IMPORTED_REQUIRES_PRIMARY_REVIEW,FC26 observation imported from existing research data; not production verified.
SEG_GFM_MEDIA_FC26_6AB6BFCA771C_FC26_HEAD_EARS_160,GFM_MEDIA_FC26_6AB6BFCA771C,00:02:40.000,00:02:43.000,fc26,Player Creator,Player Creator,ears,Ears,Ears 249,249,verified,existing_fc26_player_creator_research,,AUTOMATED_IMPORTED_REQUIRES_PRIMARY_REVIEW,FC26 observation imported from existing research data; not production verified.
SEG_GFM_MEDIA_FC26_6AB6BFCA771C_FC26_HEAD_CHEEKS_160,GFM_MEDIA_FC26_6AB6BFCA771C,00:02:40.000,00:02:43.000,fc26,Player Creator,Player Creator,cheeks,Cheeks,Cheeks 202,202,verified,existing_fc26_player_creator_research,,AUTOMATED_IMPORTED_REQUIRES_PRIMARY_REVIEW,FC26 observation imported from existing research data; not production verified.
SEG_GFM_MEDIA_FC26_6AB6BFCA771C_FC26_HEAD_EARS_165,GFM_MEDIA_FC26_6AB6BFCA771C,00:02:45.000,00:02:48.000,fc26,Player Creator,Player Creator,ears,Ears,Ears 1006,1006,verified,existing_fc26_player_creator_research,,AUTOMATED_IMPORTED_REQUIRES_PRIMARY_REVIEW,FC26 observation imported from existing research data; not production verified.
SEG_GFM_MEDIA_FC26_6AB6BFCA771C_FC26_HEAD_EARS_170,GFM_MEDIA_FC26_6AB6BFCA771C,00:02:50.000,00:02:53.000,fc26,Player Creator,Player Creator,ears,Ears,Ears 194,194,verified,existing_fc26_player_creator_research,,AUTOMATED_IMPORTED_REQUIRES_PRIMARY_REVIEW,FC26 observation imported from existing research data; not production verified.
SEG_GFM_MEDIA_FC26_6AB6BFCA771C_FC26_HEAD_EARS_180,GFM_MEDIA_FC26_6AB6BFCA771C,00:03:00.000,00:03:03.000,fc26,Player Creator,Player Creator,ears,Ears,Ears 170,170,verified,existing_fc26_player_creator_research,,AUTOMATED_IMPORTED_REQUIRES_PRIMARY_REVIEW,FC26 observation imported from existing research data; not production verified.
SEG_GFM_MEDIA_FC26_6AB6BFCA771C_FC26_HEAD_CHEEKS_180,GFM_MEDIA_FC26_6AB6BFCA771C,00:03:00.000,00:03:03.000,fc26,Player Creator,Player Creator,cheeks,Cheeks,Cheeks 299,299,verified,existing_fc26_player_creator_research,,AUTOMATED_IMPORTED_REQUIRES_PRIMARY_REVIEW,FC26 observation imported from existing research data; not production verified.
SEG_GFM_MEDIA_FC26_6AB6BFCA771C_FC26_HEAD_CHEEKS_185,GFM_MEDIA_FC26_6AB6BFCA771C,00:03:05.000,00:03:08.000,fc26,Player Creator,Player Creator,cheeks,Cheeks,Cheeks 43,43,verified,existing_fc26_player_creator_research,,AUTOMATED_IMPORTED_REQUIRES_PRIMARY_REVIEW,FC26 observation imported from existing research data; not production verified.
SEG_GFM_MEDIA_FC26_6AB6BFCA771C_FC26_HEAD_CHEEKS_190,GFM_MEDIA_FC26_6AB6BFCA771C,00:03:10.000,00:03:13.000,fc26,Player Creator,Player Creator,cheeks,Cheeks,Cheeks 203,203,verified,existing_fc26_player_creator_research,,AUTOMATED_IMPORTED_REQUIRES_PRIMARY_REVIEW,FC26 observation imported from existing research data; not production verified.
SEG_GFM_MEDIA_FC26_6AB6BFCA771C_FC26_HEAD_CHIN_190,GFM_MEDIA_FC26_6AB6BFCA771C,00:03:10.000,00:03:13.000,fc26,Player Creator,Player Creator,chin,Chin,Chin 268,268,verified,existing_fc26_player_creator_research,,AUTOMATED_IMPORTED_REQUIRES_PRIMARY_REVIEW,FC26 observation imported from existing research data; not production verified.
SEG_GFM_MEDIA_FC26_6AB6BFCA771C_FC26_HEAD_NECK_190,GFM_MEDIA_FC26_6AB6BFCA771C,00:03:10.000,00:03:13.000,fc26,Player Creator,Player Creator,neck,Neck,Neck 241,241,verified,existing_fc26_player_creator_research,,AUTOMATED_IMPORTED_REQUIRES_PRIMARY_REVIEW,FC26 observation imported from existing research data; not production verified.
SEG_GFM_MEDIA_FC26_6AB6BFCA771C_FC26_HEAD_CHEEKS_195,GFM_MEDIA_FC26_6AB6BFCA771C,00:03:15.000,00:03:18.000,fc26,Player Creator,Player Creator,cheeks,Cheeks,Cheeks 226,226,verified,existing_fc26_player_creator_research,,AUTOMATED_IMPORTED_REQUIRES_PRIMARY_REVIEW,FC26 observation imported from existing research data; not production verified.
SEG_GFM_MEDIA_FC26_6AB6BFCA771C_FC26_HEAD_CHIN_195,GFM_MEDIA_FC26_6AB6BFCA771C,00:03:15.000,00:03:18.000,fc26,Player Creator,Player Creator,chin,Chin,Chin 226,226,verified,existing_fc26_player_creator_research,,AUTOMATED_IMPORTED_REQUIRES_PRIMARY_REVIEW,FC26 observation imported from existing research data; not production verified.
SEG_GFM_MEDIA_FC26_6AB6BFCA771C_FC26_HEAD_CHIN_200,GFM_MEDIA_FC26_6AB6BFCA771C,00:03:20.000,00:03:23.000,fc26,Player Creator,Player Creator,chin,Chin,Chin 1003,1003,verified,existing_fc26_player_creator_research,,AUTOMATED_IMPORTED_REQUIRES_PRIMARY_REVIEW,FC26 observation imported from existing research data; not production verified.
SEG_GFM_MEDIA_FC26_6AB6BFCA771C_FC26_HEAD_CHIN_205,GFM_MEDIA_FC26_6AB6BFCA771C,00:03:25.000,00:03:28.000,fc26,Player Creator,Player Creator,chin,Chin,Chin 118,118,verified,existing_fc26_player_creator_research,,AUTOMATED_IMPORTED_REQUIRES_PRIMARY_REVIEW,FC26 observation imported from existing research data; not production verified.
SEG_GFM_MEDIA_FC26_6AB6BFCA771C_FC26_HEAD_CHIN_210,GFM_MEDIA_FC26_6AB6BFCA771C,00:03:30.000,00:03:33.000,fc26,Player Creator,Player Creator,chin,Chin,Chin 1001,1001,verified,existing_fc26_player_creator_research,,AUTOMATED_IMPORTED_REQUIRES_PRIMARY_REVIEW,FC26 observation imported from existing research data; not production verified.
SEG_GFM_MEDIA_FC26_6AB6BFCA771C_FC26_HEAD_NECK_215,GFM_MEDIA_FC26_6AB6BFCA771C,00:03:35.000,00:03:38.000,fc26,Player Creator,Player Creator,neck,Neck,Neck 304,304,verified,existing_fc26_player_creator_research,,AUTOMATED_IMPORTED_REQUIRES_PRIMARY_REVIEW,FC26 observation imported from existing research data; not production verified.
SEG_GFM_MEDIA_FC26_6AB6BFCA771C_FC26_HEAD_NECK_220,GFM_MEDIA_FC26_6AB6BFCA771C,00:03:40.000,00:03:43.000,fc26,Player Creator,Player Creator,neck,Neck,Neck 52,52,verified,existing_fc26_player_creator_research,,AUTOMATED_IMPORTED_REQUIRES_PRIMARY_REVIEW,FC26 observation imported from existing research data; not production verified.
SEG_GFM_MEDIA_FC26_6AB6BFCA771C_FC26_HEAD_NECK_230,GFM_MEDIA_FC26_6AB6BFCA771C,00:03:50.000,00:03:53.000,fc26,Player Creator,Player Creator,neck,Neck,Neck 1002,1002,verified,existing_fc26_player_creator_research,,AUTOMATED_IMPORTED_REQUIRES_PRIMARY_REVIEW,FC26 observation imported from existing research data; not production verified.
SEG_GFM_MEDIA_FC26_6AB6BFCA771C_FC26_FACE_EYE_COLOUR_230,GFM_MEDIA_FC26_6AB6BFCA771C,00:03:50.000,00:03:53.000,fc26,Player Creator,Player Creator,eye_colour,Eye Colour,Light Grey,,verified,existing_fc26_player_creator_research,,AUTOMATED_IMPORTED_REQUIRES_PRIMARY_REVIEW,FC26 observation imported from existing research data; not production verified.
SEG_GFM_MEDIA_FC26_6AB6BFCA771C_FC26_FACE_EYE_COLOUR_235,GFM_MEDIA_FC26_6AB6BFCA771C,00:03:55.000,00:03:58.000,fc26,Player Creator,Player Creator,eye_colour,Eye Colour,Green,,verified,existing_fc26_player_creator_research,,AUTOMATED_IMPORTED_REQUIRES_PRIMARY_REVIEW,FC26 observation imported from existing research data; not production verified.
SEG_GFM_MEDIA_FC26_6AB6BFCA771C_FC26_FACE_EYE_COLOUR_240,GFM_MEDIA_FC26_6AB6BFCA771C,00:04:00.000,00:04:03.000,fc26,Player Creator,Player Creator,eye_colour,Eye Colour,Medium Grey,,verified,existing_fc26_player_creator_research,,AUTOMATED_IMPORTED_REQUIRES_PRIMARY_REVIEW,FC26 observation imported from existing research data; not production verified.
