recapture_id,game,category,suspected_option,exact_missing_evidence,recommended_capture_sequence,source_evidence_that_caused_request,reason,status
RECAPTURE_GFM_MEDIA_UNKNOWN_DAF18C625F96_UNKNOWN_CATEGORY_UNSUPPORTED_OR_NON_MEDIA_FILE_CATEGORY,unknown,unknown_category,,Usable media evidence,"Replace with MP4, MOV, PNG, JPG/JPEG, or another supported readable media file if this file was intended as evidence.",GFM_MEDIA_UNKNOWN_DAF18C625F96,unsupported_or_non_media_file,REQUESTED_NOT_CAPTURED
RECAPTURE_GFM_MEDIA_UNKNOWN_DAF18C625F96_UNKNOWN_CATEGORY_GAME_IDENTITY_UNRESOLVED_CATEGORY,unknown,unknown_category,,"Visible title, menu, or operator metadata linking the file to a supported game",Record from the title/menu context or provide source metadata. Do not rely on folder names alone.,GFM_MEDIA_UNKNOWN_DAF18C625F96,game_identity_unresolved,REQUESTED_NOT_CAPTURED
RECAPTURE_GFM_MEDIA_UNKNOWN_0985ED3C327A_UNKNOWN_CATEGORY_UNSUPPORTED_OR_NON_MEDIA_FILE_CATEGORY,unknown,unknown_category,,Usable media evidence,"Replace with MP4, MOV, PNG, JPG/JPEG, or another supported readable media file if this file was intended as evidence.",GFM_MEDIA_UNKNOWN_0985ED3C327A,unsupported_or_non_media_file,REQUESTED_NOT_CAPTURED
RECAPTURE_GFM_MEDIA_UNKNOWN_0985ED3C327A_UNKNOWN_CATEGORY_GAME_IDENTITY_UNRESOLVED_CATEGORY,unknown,unknown_category,,"Visible title, menu, or operator metadata linking the file to a supported game",Record from the title/menu context or provide source metadata. Do not rely on folder names alone.,GFM_MEDIA_UNKNOWN_0985ED3C327A,game_identity_unresolved,REQUESTED_NOT_CAPTURED
RECAPTURE_GFM_MEDIA_UNKNOWN_8BF9B71DD358_UNKNOWN_CATEGORY_UNSUPPORTED_OR_NON_MEDIA_FILE_CATEGORY,unknown,unknown_category,,Usable media evidence,"Replace with MP4, MOV, PNG, JPG/JPEG, or another supported readable media file if this file was intended as evidence.",GFM_MEDIA_UNKNOWN_8BF9B71DD358,unsupported_or_non_media_file,REQUESTED_NOT_CAPTURED
RECAPTURE_GFM_MEDIA_UNKNOWN_8BF9B71DD358_UNKNOWN_CATEGORY_GAME_IDENTITY_UNRESOLVED_CATEGORY,unknown,unknown_category,,"Visible title, menu, or operator metadata linking the file to a supported game",Record from the title/menu context or provide source metadata. Do not rely on folder names alone.,GFM_MEDIA_UNKNOWN_8BF9B71DD358,game_identity_unresolved,REQUESTED_NOT_CAPTURED
RECAPTURE_GFM_MEDIA_FC26_6AB6BFCA771C_SKIN_TONE_SELECTOR_BOUNDARIES_NOT_PROVEN_SKIN_TONE_3,ea-sports-fc-26,Skin Tone,Skin Tone 3,"First option, final option, wrap behavior, and full native order","Open the category from the canonical creation path, pause on the first visible option, move one option at a time through the final option, demonstrate wrap behavior only if safe, and keep labels or indices visible.",GFM_MEDIA_FC26_6AB6BFCA771C,selector_boundaries_not_proven,REQUESTED_NOT_CAPTURED
RECAPTURE_GFM_MEDIA_FC26_6AB6BFCA771C_SKIN_TONE_SELECTOR_BOUNDARIES_NOT_PROVEN_SKIN_TONE_9,ea-sports-fc-26,Skin Tone,Skin Tone 9,"First option, final option, wrap behavior, and full native order","Open the category from the canonical creation path, pause on the first visible option, move one option at a time through the final option, demonstrate wrap behavior only if safe, and keep labels or indices visible.",GFM_MEDIA_FC26_6AB6BFCA771C,selector_boundaries_not_proven,REQUESTED_NOT_CAPTURED
RECAPTURE_GFM_MEDIA_FC26_6AB6BFCA771C_COMPLEXION_SELECTOR_BOUNDARIES_NOT_PROVEN_COMPLEXION_3,ea-sports-fc-26,Complexion,Complexion 3,"First option, final option, wrap behavior, and full native order","Open the category from the canonical creation path, pause on the first visible option, move one option at a time through the final option, demonstrate wrap behavior only if safe, and keep labels or indices visible.",GFM_MEDIA_FC26_6AB6BFCA771C,selector_boundaries_not_proven,REQUESTED_NOT_CAPTURED
RECAPTURE_GFM_MEDIA_FC26_6AB6BFCA771C_COMPLEXION_SELECTOR_BOUNDARIES_NOT_PROVEN_COMPLEXION_6,ea-sports-fc-26,Complexion,Complexion 6,"First option, final option, wrap behavior, and full native order","Open the category from the canonical creation path, pause on the first visible option, move one option at a time through the final option, demonstrate wrap behavior only if safe, and keep labels or indices visible.",GFM_MEDIA_FC26_6AB6BFCA771C,selector_boundaries_not_proven,REQUESTED_NOT_CAPTURED
RECAPTURE_GFM_MEDIA_FC26_6AB6BFCA771C_COMPLEXION_SELECTOR_BOUNDARIES_NOT_PROVEN_COMPLEXION_9,ea-sports-fc-26,Complexion,Complexion 9,"First option, final option, wrap behavior, and full native order","Open the category from the canonical creation path, pause on the first visible option, move one option at a time through the final option, demonstrate wrap behavior only if safe, and keep labels or indices visible.",GFM_MEDIA_FC26_6AB6BFCA771C,selector_boundaries_not_proven,REQUESTED_NOT_CAPTURED
RECAPTURE_GFM_MEDIA_FC26_6AB6BFCA771C_SKIN_SURFACE_SELECTOR_BOUNDARIES_NOT_PROVEN_SKIN_SURFACE_18,ea-sports-fc-26,Skin Surface,Skin Surface 18,"First option, final option, wrap behavior, and full native order","Open the category from the canonical creation path, pause on the first visible option, move one option at a time through the final option, demonstrate wrap behavior only if safe, and keep labels or indices visible.",GFM_MEDIA_FC26_6AB6BFCA771C,selector_boundaries_not_proven,REQUESTED_NOT_CAPTURED
RECAPTURE_GFM_MEDIA_FC26_6AB6BFCA771C_SKIN_SURFACE_SELECTOR_BOUNDARIES_NOT_PROVEN_SKIN_SURFACE_27,ea-sports-fc-26,Skin Surface,Skin Surface 27,"First option, final option, wrap behavior, and full native order","Open the category from the canonical creation path, pause on the first visible option, move one option at a time through the final option, demonstrate wrap behavior only if safe, and keep labels or indices visible.",GFM_MEDIA_FC26_6AB6BFCA771C,selector_boundaries_not_proven,REQUESTED_NOT_CAPTURED
RECAPTURE_GFM_MEDIA_FC26_6AB6BFCA771C_SKIN_SURFACE_SELECTOR_BOUNDARIES_NOT_PROVEN_SKIN_SURFACE_36,ea-sports-fc-26,Skin Surface,Skin Surface 36,"First option, final option, wrap behavior, and full native order","Open the category from the canonical creation path, pause on the first visible option, move one option at a time through the final option, demonstrate wrap behavior only if safe, and keep labels or indices visible.",GFM_MEDIA_FC26_6AB6BFCA771C,selector_boundaries_not_proven,REQUESTED_NOT_CAPTURED
RECAPTURE_GFM_MEDIA_FC26_6AB6BFCA771C_SKIN_SURFACE_SELECTOR_BOUNDARIES_NOT_PROVEN_SKIN_SURFACE_41,ea-sports-fc-26,Skin Surface,Skin Surface 41,"First option, final option, wrap behavior, and full native order","Open the category from the canonical creation path, pause on the first visible option, move one option at a time through the final option, demonstrate wrap behavior only if safe, and keep labels or indices visible.",GFM_MEDIA_FC26_6AB6BFCA771C,selector_boundaries_not_proven,REQUESTED_NOT_CAPTURED
RECAPTURE_GFM_MEDIA_FC26_6AB6BFCA771C_SKIN_SURFACE_SELECTOR_BOUNDARIES_NOT_PROVEN_SKIN_SURFACE_51,ea-sports-fc-26,Skin Surface,Skin Surface 51,"First option, final option, wrap behavior, and full native order","Open the category from the canonical creation path, pause on the first visible option, move one option at a time through the final option, demonstrate wrap behavior only if safe, and keep labels or indices visible.",GFM_MEDIA_FC26_6AB6BFCA771C,selector_boundaries_not_proven,REQUESTED_NOT_CAPTURED
RECAPTURE_GFM_MEDIA_FC26_6AB6BFCA771C_SKIN_SURFACE_SELECTOR_BOUNDARIES_NOT_PROVEN_SKIN_SURFACE_3,ea-sports-fc-26,Skin Surface,Skin Surface 3,"First option, final option, wrap behavior, and full native order","Open the category from the canonical creation path, pause on the first visible option, move one option at a time through the final option, demonstrate wrap behavior only if safe, and keep labels or indices visible.",GFM_MEDIA_FC26_6AB6BFCA771C,selector_boundaries_not_proven,REQUESTED_NOT_CAPTURED
RECAPTURE_GFM_MEDIA_FC26_6AB6BFCA771C_FRECKLES_SELECTOR_BOUNDARIES_NOT_PROVEN_NONE,ea-sports-fc-26,Freckles,None,"First option, final option, wrap behavior, and full native order","Open the category from the canonical creation path, pause on the first visible option, move one option at a time through the final option, demonstrate wrap behavior only if safe, and keep labels or indices visible.",GFM_MEDIA_FC26_6AB6BFCA771C,selector_boundaries_not_proven,REQUESTED_NOT_CAPTURED
RECAPTURE_GFM_MEDIA_FC26_6AB6BFCA771C_FRECKLES_SELECTOR_BOUNDARIES_NOT_PROVEN_FRECKLES_2,ea-sports-fc-26,Freckles,Freckles 2,"First option, final option, wrap behavior, and full native order","Open the category from the canonical creation path, pause on the first visible option, move one option at a time through the final option, demonstrate wrap behavior only if safe, and keep labels or indices visible.",GFM_MEDIA_FC26_6AB6BFCA771C,selector_boundaries_not_proven,REQUESTED_NOT_CAPTURED
RECAPTURE_GFM_MEDIA_FC26_6AB6BFCA771C_FRECKLES_SELECTOR_BOUNDARIES_NOT_PROVEN_FRECKLES_12,ea-sports-fc-26,Freckles,Freckles 12,"First option, final option, wrap behavior, and full native order","Open the category from the canonical creation path, pause on the first visible option, move one option at a time through the final option, demonstrate wrap behavior only if safe, and keep labels or indices visible.",GFM_MEDIA_FC26_6AB6BFCA771C,selector_boundaries_not_proven,REQUESTED_NOT_CAPTURED
RECAPTURE_GFM_MEDIA_FC26_6AB6BFCA771C_FRECKLES_SELECTOR_BOUNDARIES_NOT_PROVEN_FRECKLES_3,ea-sports-fc-26,Freckles,Freckles 3,"First option, final option, wrap behavior, and full native order","Open the category from the canonical creation path, pause on the first visible option, move one option at a time through the final option, demonstrate wrap behavior only if safe, and keep labels or indices visible.",GFM_MEDIA_FC26_6AB6BFCA771C,selector_boundaries_not_proven,REQUESTED_NOT_CAPTURED
RECAPTURE_GFM_MEDIA_FC26_6AB6BFCA771C_SCARRING_SELECTOR_BOUNDARIES_NOT_PROVEN_SCARRING_9,ea-sports-fc-26,Scarring,Scarring 9,"First option, final option, wrap behavior, and full native order","Open the category from the canonical creation path, pause on the first visible option, move one option at a time through the final option, demonstrate wrap behavior only if safe, and keep labels or indices visible.",GFM_MEDIA_FC26_6AB6BFCA771C,selector_boundaries_not_proven,REQUESTED_NOT_CAPTURED
RECAPTURE_GFM_MEDIA_FC26_6AB6BFCA771C_SCARRING_SELECTOR_BOUNDARIES_NOT_PROVEN_SCARRING_18,ea-sports-fc-26,Scarring,Scarring 18,"First option, final option, wrap behavior, and full native order","Open the category from the canonical creation path, pause on the first visible option, move one option at a time through the final option, demonstrate wrap behavior only if safe, and keep labels or indices visible.",GFM_MEDIA_FC26_6AB6BFCA771C,selector_boundaries_not_proven,REQUESTED_NOT_CAPTURED
RECAPTURE_GFM_MEDIA_FC26_6AB6BFCA771C_SCARRING_SELECTOR_BOUNDARIES_NOT_PROVEN_SCARRING_26,ea-sports-fc-26,Scarring,Scarring 26,"First option, final option, wrap behavior, and full native order","Open the category from the canonical creation path, pause on the first visible option, move one option at a time through the final option, demonstrate wrap behavior only if safe, and keep labels or indices visible.",GFM_MEDIA_FC26_6AB6BFCA771C,selector_boundaries_not_proven,REQUESTED_NOT_CAPTURED
RECAPTURE_GFM_MEDIA_FC26_6AB6BFCA771C_SCARRING_SELECTOR_BOUNDARIES_NOT_PROVEN_SCARRING_36,ea-sports-fc-26,Scarring,Scarring 36,"First option, final option, wrap behavior, and full native order","Open the category from the canonical creation path, pause on the first visible option, move one option at a time through the final option, demonstrate wrap behavior only if safe, and keep labels or indices visible.",GFM_MEDIA_FC26_6AB6BFCA771C,selector_boundaries_not_proven,REQUESTED_NOT_CAPTURED
RECAPTURE_GFM_MEDIA_FC26_6AB6BFCA771C_MOLES_SELECTOR_BOUNDARIES_NOT_PROVEN_MOLES_2,ea-sports-fc-26,Moles,Moles 2,"First option, final option, wrap behavior, and full native order","Open the category from the canonical creation path, pause on the first visible option, move one option at a time through the final option, demonstrate wrap behavior only if safe, and keep labels or indices visible.",GFM_MEDIA_FC26_6AB6BFCA771C,selector_boundaries_not_proven,REQUESTED_NOT_CAPTURED
RECAPTURE_GFM_MEDIA_FC26_6AB6BFCA771C_MOLES_SELECTOR_BOUNDARIES_NOT_PROVEN_MOLES_7,ea-sports-fc-26,Moles,Moles 7,"First option, final option, wrap behavior, and full native order","Open the category from the canonical creation path, pause on the first visible option, move one option at a time through the final option, demonstrate wrap behavior only if safe, and keep labels or indices visible.",GFM_MEDIA_FC26_6AB6BFCA771C,selector_boundaries_not_proven,REQUESTED_NOT_CAPTURED
RECAPTURE_GFM_MEDIA_FC26_6AB6BFCA771C_ROSACEA_SELECTOR_BOUNDARIES_NOT_PROVEN_ROSACEA_5,ea-sports-fc-26,Rosacea,Rosacea 5,"First option, final option, wrap behavior, and full native order","Open the category from the canonical creation path, pause on the first visible option, move one option at a time through the final option, demonstrate wrap behavior only if safe, and keep labels or indices visible.",GFM_MEDIA_FC26_6AB6BFCA771C,selector_boundaries_not_proven,REQUESTED_NOT_CAPTURED
RECAPTURE_GFM_MEDIA_FC26_6AB6BFCA771C_FACE_MAKEUP_SELECTOR_BOUNDARIES_NOT_PROVEN_FACE_MAKEUP_2,ea-sports-fc-26,Face Makeup,Face Makeup 2,"First option, final option, wrap behavior, and full native order","Open the category from the canonical creation path, pause on the first visible option, move one option at a time through the final option, demonstrate wrap behavior only if safe, and keep labels or indices visible.",GFM_MEDIA_FC26_6AB6BFCA771C,selector_boundaries_not_proven,REQUESTED_NOT_CAPTURED
RECAPTURE_GFM_MEDIA_FC26_6AB6BFCA771C_LIP_MAKEUP_SELECTOR_BOUNDARIES_NOT_PROVEN_NONE,ea-sports-fc-26,Lip Makeup,None,"First option, final option, wrap behavior, and full native order","Open the category from the canonical creation path, pause on the first visible option, move one option at a time through the final option, demonstrate wrap behavior only if safe, and keep labels or indices visible.",GFM_MEDIA_FC26_6AB6BFCA771C,selector_boundaries_not_proven,REQUESTED_NOT_CAPTURED
RECAPTURE_GFM_MEDIA_FC26_6AB6BFCA771C_FOREHEAD_SELECTOR_BOUNDARIES_NOT_PROVEN_FOREHEAD_1002,ea-sports-fc-26,Forehead,Forehead 1002,"First option, final option, wrap behavior, and full native order","Open the category from the canonical creation path, pause on the first visible option, move one option at a time through the final option, demonstrate wrap behavior only if safe, and keep labels or indices visible.",GFM_MEDIA_FC26_6AB6BFCA771C,selector_boundaries_not_proven,REQUESTED_NOT_CAPTURED
RECAPTURE_GFM_MEDIA_FC26_6AB6BFCA771C_FOREHEAD_SELECTOR_BOUNDARIES_NOT_PROVEN_FOREHEAD_294,ea-sports-fc-26,Forehead,Forehead 294,"First option, final option, wrap behavior, and full native order","Open the category from the canonical creation path, pause on the first visible option, move one option at a time through the final option, demonstrate wrap behavior only if safe, and keep labels or indices visible.",GFM_MEDIA_FC26_6AB6BFCA771C,selector_boundaries_not_proven,REQUESTED_NOT_CAPTURED
RECAPTURE_GFM_MEDIA_FC26_6AB6BFCA771C_FOREHEAD_SELECTOR_BOUNDARIES_NOT_PROVEN_FOREHEAD_23,ea-sports-fc-26,Forehead,Forehead 23,"First option, final option, wrap behavior, and full native order","Open the category from the canonical creation path, pause on the first visible option, move one option at a time through the final option, demonstrate wrap behavior only if safe, and keep labels or indices visible.",GFM_MEDIA_FC26_6AB6BFCA771C,selector_boundaries_not_proven,REQUESTED_NOT_CAPTURED
RECAPTURE_GFM_MEDIA_FC26_6AB6BFCA771C_FOREHEAD_SELECTOR_BOUNDARIES_NOT_PROVEN_FOREHEAD_175,ea-sports-fc-26,Forehead,Forehead 175,"First option, final option, wrap behavior, and full native order","Open the category from the canonical creation path, pause on the first visible option, move one option at a time through the final option, demonstrate wrap behavior only if safe, and keep labels or indices visible.",GFM_MEDIA_FC26_6AB6BFCA771C,selector_boundaries_not_proven,REQUESTED_NOT_CAPTURED
RECAPTURE_GFM_MEDIA_FC26_6AB6BFCA771C_FOREHEAD_SELECTOR_BOUNDARIES_NOT_PROVEN_FOREHEAD_304,ea-sports-fc-26,Forehead,Forehead 304,"First option, final option, wrap behavior, and full native order","Open the category from the canonical creation path, pause on the first visible option, move one option at a time through the final option, demonstrate wrap behavior only if safe, and keep labels or indices visible.",GFM_MEDIA_FC26_6AB6BFCA771C,selector_boundaries_not_proven,REQUESTED_NOT_CAPTURED
RECAPTURE_GFM_MEDIA_FC26_6AB6BFCA771C_FOREHEAD_SELECTOR_BOUNDARIES_NOT_PROVEN_FOREHEAD_9,ea-sports-fc-26,Forehead,Forehead 9,"First option, final option, wrap behavior, and full native order","Open the category from the canonical creation path, pause on the first visible option, move one option at a time through the final option, demonstrate wrap behavior only if safe, and keep labels or indices visible.",GFM_MEDIA_FC26_6AB6BFCA771C,selector_boundaries_not_proven,REQUESTED_NOT_CAPTURED
RECAPTURE_GFM_MEDIA_FC26_6AB6BFCA771C_JAW_SELECTOR_BOUNDARIES_NOT_PROVEN_JAW_226,ea-sports-fc-26,Jaw,Jaw 226,"First option, final option, wrap behavior, and full native order","Open the category from the canonical creation path, pause on the first visible option, move one option at a time through the final option, demonstrate wrap behavior only if safe, and keep labels or indices visible.",GFM_MEDIA_FC26_6AB6BFCA771C,selector_boundaries_not_proven,REQUESTED_NOT_CAPTURED
RECAPTURE_GFM_MEDIA_FC26_6AB6BFCA771C_JAW_SELECTOR_BOUNDARIES_NOT_PROVEN_JAW_260,ea-sports-fc-26,Jaw,Jaw 260,"First option, final option, wrap behavior, and full native order","Open the category from the canonical creation path, pause on the first visible option, move one option at a time through the final option, demonstrate wrap behavior only if safe, and keep labels or indices visible.",GFM_MEDIA_FC26_6AB6BFCA771C,selector_boundaries_not_proven,REQUESTED_NOT_CAPTURED
RECAPTURE_GFM_MEDIA_FC26_6AB6BFCA771C_JAW_SELECTOR_BOUNDARIES_NOT_PROVEN_JAW_9,ea-sports-fc-26,Jaw,Jaw 9,"First option, final option, wrap behavior, and full native order","Open the category from the canonical creation path, pause on the first visible option, move one option at a time through the final option, demonstrate wrap behavior only if safe, and keep labels or indices visible.",GFM_MEDIA_FC26_6AB6BFCA771C,selector_boundaries_not_proven,REQUESTED_NOT_CAPTURED
RECAPTURE_GFM_MEDIA_FC26_6AB6BFCA771C_JAW_SELECTOR_BOUNDARIES_NOT_PROVEN_JAW_151,ea-sports-fc-26,Jaw,Jaw 151,"First option, final option, wrap behavior, and full native order","Open the category from the canonical creation path, pause on the first visible option, move one option at a time through the final option, demonstrate wrap behavior only if safe, and keep labels or indices visible.",GFM_MEDIA_FC26_6AB6BFCA771C,selector_boundaries_not_proven,REQUESTED_NOT_CAPTURED
RECAPTURE_GFM_MEDIA_FC26_6AB6BFCA771C_JAW_SELECTOR_BOUNDARIES_NOT_PROVEN_JAW_294,ea-sports-fc-26,Jaw,Jaw 294,"First option, final option, wrap behavior, and full native order","Open the category from the canonical creation path, pause on the first visible option, move one option at a time through the final option, demonstrate wrap behavior only if safe, and keep labels or indices visible.",GFM_MEDIA_FC26_6AB6BFCA771C,selector_boundaries_not_proven,REQUESTED_NOT_CAPTURED
RECAPTURE_GFM_MEDIA_FC26_6AB6BFCA771C_JAW_SELECTOR_BOUNDARIES_NOT_PROVEN_JAW_1002,ea-sports-fc-26,Jaw,Jaw 1002,"First option, final option, wrap behavior, and full native order","Open the category from the canonical creation path, pause on the first visible option, move one option at a time through the final option, demonstrate wrap behavior only if safe, and keep labels or indices visible.",GFM_MEDIA_FC26_6AB6BFCA771C,selector_boundaries_not_proven,REQUESTED_NOT_CAPTURED
RECAPTURE_GFM_MEDIA_FC26_6AB6BFCA771C_EARS_SELECTOR_BOUNDARIES_NOT_PROVEN_EARS_175,ea-sports-fc-26,Ears,Ears 175,"First option, final option, wrap behavior, and full native order","Open the category from the canonical creation path, pause on the first visible option, move one option at a time through the final option, demonstrate wrap behavior only if safe, and keep labels or indices visible.",GFM_MEDIA_FC26_6AB6BFCA771C,selector_boundaries_not_proven,REQUESTED_NOT_CAPTURED
RECAPTURE_GFM_MEDIA_FC26_6AB6BFCA771C_EARS_SELECTOR_BOUNDARIES_NOT_PROVEN_EARS_249,ea-sports-fc-26,Ears,Ears 249,"First option, final option, wrap behavior, and full native order","Open the category from the canonical creation path, pause on the first visible option, move one option at a time through the final option, demonstrate wrap behavior only if safe, and keep labels or indices visible.",GFM_MEDIA_FC26_6AB6BFCA771C,selector_boundaries_not_proven,REQUESTED_NOT_CAPTURED
RECAPTURE_GFM_MEDIA_FC26_6AB6BFCA771C_EARS_SELECTOR_BOUNDARIES_NOT_PROVEN_EARS_1006,ea-sports-fc-26,Ears,Ears 1006,"First option, final option, wrap behavior, and full native order","Open the category from the canonical creation path, pause on the first visible option, move one option at a time through the final option, demonstrate wrap behavior only if safe, and keep labels or indices visible.",GFM_MEDIA_FC26_6AB6BFCA771C,selector_boundaries_not_proven,REQUESTED_NOT_CAPTURED
RECAPTURE_GFM_MEDIA_FC26_6AB6BFCA771C_EARS_SELECTOR_BOUNDARIES_NOT_PROVEN_EARS_194,ea-sports-fc-26,Ears,Ears 194,"First option, final option, wrap behavior, and full native order","Open the category from the canonical creation path, pause on the first visible option, move one option at a time through the final option, demonstrate wrap behavior only if safe, and keep labels or indices visible.",GFM_MEDIA_FC26_6AB6BFCA771C,selector_boundaries_not_proven,REQUESTED_NOT_CAPTURED
RECAPTURE_GFM_MEDIA_FC26_6AB6BFCA771C_EARS_SELECTOR_BOUNDARIES_NOT_PROVEN_EARS_170,ea-sports-fc-26,Ears,Ears 170,"First option, final option, wrap behavior, and full native order","Open the category from the canonical creation path, pause on the first visible option, move one option at a time through the final option, demonstrate wrap behavior only if safe, and keep labels or indices visible.",GFM_MEDIA_FC26_6AB6BFCA771C,selector_boundaries_not_proven,REQUESTED_NOT_CAPTURED
RECAPTURE_GFM_MEDIA_FC26_6AB6BFCA771C_CHEEKS_SELECTOR_BOUNDARIES_NOT_PROVEN_CHEEKS_202,ea-sports-fc-26,Cheeks,Cheeks 202,"First option, final option, wrap behavior, and full native order","Open the category from the canonical creation path, pause on the first visible option, move one option at a time through the final option, demonstrate wrap behavior only if safe, and keep labels or indices visible.",GFM_MEDIA_FC26_6AB6BFCA771C,selector_boundaries_not_proven,REQUESTED_NOT_CAPTURED
RECAPTURE_GFM_MEDIA_FC26_6AB6BFCA771C_CHEEKS_SELECTOR_BOUNDARIES_NOT_PROVEN_CHEEKS_299,ea-sports-fc-26,Cheeks,Cheeks 299,"First option, final option, wrap behavior, and full native order","Open the category from the canonical creation path, pause on the first visible option, move one option at a time through the final option, demonstrate wrap behavior only if safe, and keep labels or indices visible.",GFM_MEDIA_FC26_6AB6BFCA771C,selector_boundaries_not_proven,REQUESTED_NOT_CAPTURED
RECAPTURE_GFM_MEDIA_FC26_6AB6BFCA771C_CHEEKS_SELECTOR_BOUNDARIES_NOT_PROVEN_CHEEKS_43,ea-sports-fc-26,Cheeks,Cheeks 43,"First option, final option, wrap behavior, and full native order","Open the category from the canonical creation path, pause on the first visible option, move one option at a time through the final option, demonstrate wrap behavior only if safe, and keep labels or indices visible.",GFM_MEDIA_FC26_6AB6BFCA771C,selector_boundaries_not_proven,REQUESTED_NOT_CAPTURED
RECAPTURE_GFM_MEDIA_FC26_6AB6BFCA771C_CHEEKS_SELECTOR_BOUNDARIES_NOT_PROVEN_CHEEKS_203,ea-sports-fc-26,Cheeks,Cheeks 203,"First option, final option, wrap behavior, and full native order","Open the category from the canonical creation path, pause on the first visible option, move one option at a time through the final option, demonstrate wrap behavior only if safe, and keep labels or indices visible.",GFM_MEDIA_FC26_6AB6BFCA771C,selector_boundaries_not_proven,REQUESTED_NOT_CAPTURED
RECAPTURE_GFM_MEDIA_FC26_6AB6BFCA771C_CHEEKS_SELECTOR_BOUNDARIES_NOT_PROVEN_CHEEKS_226,ea-sports-fc-26,Cheeks,Cheeks 226,"First option, final option, wrap behavior, and full native order","Open the category from the canonical creation path, pause on the first visible option, move one option at a time through the final option, demonstrate wrap behavior only if safe, and keep labels or indices visible.",GFM_MEDIA_FC26_6AB6BFCA771C,selector_boundaries_not_proven,REQUESTED_NOT_CAPTURED
RECAPTURE_GFM_MEDIA_FC26_6AB6BFCA771C_CHIN_SELECTOR_BOUNDARIES_NOT_PROVEN_CHIN_226,ea-sports-fc-26,Chin,Chin 226,"First option, final option, wrap behavior, and full native order","Open the category from the canonical creation path, pause on the first visible option, move one option at a time through the final option, demonstrate wrap behavior only if safe, and keep labels or indices visible.",GFM_MEDIA_FC26_6AB6BFCA771C,selector_boundaries_not_proven,REQUESTED_NOT_CAPTURED
RECAPTURE_GFM_MEDIA_FC26_6AB6BFCA771C_CHIN_SELECTOR_BOUNDARIES_NOT_PROVEN_CHIN_268,ea-sports-fc-26,Chin,Chin 268,"First option, final option, wrap behavior, and full native order","Open the category from the canonical creation path, pause on the first visible option, move one option at a time through the final option, demonstrate wrap behavior only if safe, and keep labels or indices visible.",GFM_MEDIA_FC26_6AB6BFCA771C,selector_boundaries_not_proven,REQUESTED_NOT_CAPTURED
RECAPTURE_GFM_MEDIA_FC26_6AB6BFCA771C_CHIN_SELECTOR_BOUNDARIES_NOT_PROVEN_CHIN_1003,ea-sports-fc-26,Chin,Chin 1003,"First option, final option, wrap behavior, and full native order","Open the category from the canonical creation path, pause on the first visible option, move one option at a time through the final option, demonstrate wrap behavior only if safe, and keep labels or indices visible.",GFM_MEDIA_FC26_6AB6BFCA771C,selector_boundaries_not_proven,REQUESTED_NOT_CAPTURED
RECAPTURE_GFM_MEDIA_FC26_6AB6BFCA771C_CHIN_SELECTOR_BOUNDARIES_NOT_PROVEN_CHIN_118,ea-sports-fc-26,Chin,Chin 118,"First option, final option, wrap behavior, and full native order","Open the category from the canonical creation path, pause on the first visible option, move one option at a time through the final option, demonstrate wrap behavior only if safe, and keep labels or indices visible.",GFM_MEDIA_FC26_6AB6BFCA771C,selector_boundaries_not_proven,REQUESTED_NOT_CAPTURED
RECAPTURE_GFM_MEDIA_FC26_6AB6BFCA771C_CHIN_SELECTOR_BOUNDARIES_NOT_PROVEN_CHIN_1001,ea-sports-fc-26,Chin,Chin 1001,"First option, final option, wrap behavior, and full native order","Open the category from the canonical creation path, pause on the first visible option, move one option at a time through the final option, demonstrate wrap behavior only if safe, and keep labels or indices visible.",GFM_MEDIA_FC26_6AB6BFCA771C,selector_boundaries_not_proven,REQUESTED_NOT_CAPTURED
RECAPTURE_GFM_MEDIA_FC26_6AB6BFCA771C_NECK_SELECTOR_BOUNDARIES_NOT_PROVEN_NECK_241,ea-sports-fc-26,Neck,Neck 241,"First option, final option, wrap behavior, and full native order","Open the category from the canonical creation path, pause on the first visible option, move one option at a time through the final option, demonstrate wrap behavior only if safe, and keep labels or indices visible.",GFM_MEDIA_FC26_6AB6BFCA771C,selector_boundaries_not_proven,REQUESTED_NOT_CAPTURED
RECAPTURE_GFM_MEDIA_FC26_6AB6BFCA771C_NECK_SELECTOR_BOUNDARIES_NOT_PROVEN_NECK_304,ea-sports-fc-26,Neck,Neck 304,"First option, final option, wrap behavior, and full native order","Open the category from the canonical creation path, pause on the first visible option, move one option at a time through the final option, demonstrate wrap behavior only if safe, and keep labels or indices visible.",GFM_MEDIA_FC26_6AB6BFCA771C,selector_boundaries_not_proven,REQUESTED_NOT_CAPTURED
RECAPTURE_GFM_MEDIA_FC26_6AB6BFCA771C_NECK_SELECTOR_BOUNDARIES_NOT_PROVEN_NECK_52,ea-sports-fc-26,Neck,Neck 52,"First option, final option, wrap behavior, and full native order","Open the category from the canonical creation path, pause on the first visible option, move one option at a time through the final option, demonstrate wrap behavior only if safe, and keep labels or indices visible.",GFM_MEDIA_FC26_6AB6BFCA771C,selector_boundaries_not_proven,REQUESTED_NOT_CAPTURED
RECAPTURE_GFM_MEDIA_FC26_6AB6BFCA771C_NECK_SELECTOR_BOUNDARIES_NOT_PROVEN_NECK_1002,ea-sports-fc-26,Neck,Neck 1002,"First option, final option, wrap behavior, and full native order","Open the category from the canonical creation path, pause on the first visible option, move one option at a time through the final option, demonstrate wrap behavior only if safe, and keep labels or indices visible.",GFM_MEDIA_FC26_6AB6BFCA771C,selector_boundaries_not_proven,REQUESTED_NOT_CAPTURED
RECAPTURE_GFM_MEDIA_FC26_6AB6BFCA771C_EYE_COLOUR_SELECTOR_BOUNDARIES_NOT_PROVEN_LIGHT_GREY,ea-sports-fc-26,Eye Colour,Light Grey,"First option, final option, wrap behavior, and full native order","Open the category from the canonical creation path, pause on the first visible option, move one option at a time through the final option, demonstrate wrap behavior only if safe, and keep labels or indices visible.",GFM_MEDIA_FC26_6AB6BFCA771C,selector_boundaries_not_proven,REQUESTED_NOT_CAPTURED
RECAPTURE_GFM_MEDIA_FC26_6AB6BFCA771C_EYE_COLOUR_SELECTOR_BOUNDARIES_NOT_PROVEN_GREEN,ea-sports-fc-26,Eye Colour,Green,"First option, final option, wrap behavior, and full native order","Open the category from the canonical creation path, pause on the first visible option, move one option at a time through the final option, demonstrate wrap behavior only if safe, and keep labels or indices visible.",GFM_MEDIA_FC26_6AB6BFCA771C,selector_boundaries_not_proven,REQUESTED_NOT_CAPTURED
RECAPTURE_GFM_MEDIA_FC26_6AB6BFCA771C_EYE_COLOUR_SELECTOR_BOUNDARIES_NOT_PROVEN_MEDIUM_GREY,ea-sports-fc-26,Eye Colour,Medium Grey,"First option, final option, wrap behavior, and full native order","Open the category from the canonical creation path, pause on the first visible option, move one option at a time through the final option, demonstrate wrap behavior only if safe, and keep labels or indices visible.",GFM_MEDIA_FC26_6AB6BFCA771C,selector_boundaries_not_proven,REQUESTED_NOT_CAPTURED
RECAPTURE_GFM_MEDIA_FC26_0C758EB69716_EYE_COLOUR_SELECTOR_BOUNDARIES_NOT_PROVEN_LIGHT_BLUE,ea-sports-fc-26,Eye Colour,Light Blue,"First option, final option, wrap behavior, and full native order","Open the category from the canonical creation path, pause on the first visible option, move one option at a time through the final option, demonstrate wrap behavior only if safe, and keep labels or indices visible.",GFM_MEDIA_FC26_0C758EB69716,selector_boundaries_not_proven,REQUESTED_NOT_CAPTURED
RECAPTURE_GFM_MEDIA_FC26_0C758EB69716_EYES_SELECTOR_BOUNDARIES_NOT_PROVEN_EYES_299,ea-sports-fc-26,Eyes,Eyes 299,"First option, final option, wrap behavior, and full native order","Open the category from the canonical creation path, pause on the first visible option, move one option at a time through the final option, demonstrate wrap behavior only if safe, and keep labels or indices visible.",GFM_MEDIA_FC26_0C758EB69716,selector_boundaries_not_proven,REQUESTED_NOT_CAPTURED
RECAPTURE_GFM_MEDIA_FC26_0C758EB69716_EYES_SELECTOR_BOUNDARIES_NOT_PROVEN_EYES_1005,ea-sports-fc-26,Eyes,Eyes 1005,"First option, final option, wrap behavior, and full native order","Open the category from the canonical creation path, pause on the first visible option, move one option at a time through the final option, demonstrate wrap behavior only if safe, and keep labels or indices visible.",GFM_MEDIA_FC26_0C758EB69716,selector_boundaries_not_proven,REQUESTED_NOT_CAPTURED
RECAPTURE_GFM_MEDIA_FC26_0C758EB69716_EYES_SELECTOR_BOUNDARIES_NOT_PROVEN_EYES_93,ea-sports-fc-26,Eyes,Eyes 93,"First option, final option, wrap behavior, and full native order","Open the category from the canonical creation path, pause on the first visible option, move one option at a time through the final option, demonstrate wrap behavior only if safe, and keep labels or indices visible.",GFM_MEDIA_FC26_0C758EB69716,selector_boundaries_not_proven,REQUESTED_NOT_CAPTURED
RECAPTURE_GFM_MEDIA_FC26_0C758EB69716_EYES_SELECTOR_BOUNDARIES_NOT_PROVEN_EYES_268,ea-sports-fc-26,Eyes,Eyes 268,"First option, final option, wrap behavior, and full native order","Open the category from the canonical creation path, pause on the first visible option, move one option at a time through the final option, demonstrate wrap behavior only if safe, and keep labels or indices visible.",GFM_MEDIA_FC26_0C758EB69716,selector_boundaries_not_proven,REQUESTED_NOT_CAPTURED
RECAPTURE_GFM_MEDIA_FC26_0C758EB69716_EYES_SELECTOR_BOUNDARIES_NOT_PROVEN_EYES_23,ea-sports-fc-26,Eyes,Eyes 23,"First option, final option, wrap behavior, and full native order","Open the category from the canonical creation path, pause on the first visible option, move one option at a time through the final option, demonstrate wrap behavior only if safe, and keep labels or indices visible.",GFM_MEDIA_FC26_0C758EB69716,selector_boundaries_not_proven,REQUESTED_NOT_CAPTURED
RECAPTURE_GFM_MEDIA_FC26_0C758EB69716_EYES_SELECTOR_BOUNDARIES_NOT_PROVEN_EYES_116,ea-sports-fc-26,Eyes,Eyes 116,"First option, final option, wrap behavior, and full native order","Open the category from the canonical creation path, pause on the first visible option, move one option at a time through the final option, demonstrate wrap behavior only if safe, and keep labels or indices visible.",GFM_MEDIA_FC26_0C758EB69716,selector_boundaries_not_proven,REQUESTED_NOT_CAPTURED
RECAPTURE_GFM_MEDIA_FC26_0C758EB69716_EYEBROWS_SELECTOR_BOUNDARIES_NOT_PROVEN_EYEBROWS_268,ea-sports-fc-26,Eyebrows,Eyebrows 268,"First option, final option, wrap behavior, and full native order","Open the category from the canonical creation path, pause on the first visible option, move one option at a time through the final option, demonstrate wrap behavior only if safe, and keep labels or indices visible.",GFM_MEDIA_FC26_0C758EB69716,selector_boundaries_not_proven,REQUESTED_NOT_CAPTURED
RECAPTURE_GFM_MEDIA_FC26_0C758EB69716_EYEBROWS_SELECTOR_BOUNDARIES_NOT_PROVEN_EYEBROWS_304,ea-sports-fc-26,Eyebrows,Eyebrows 304,"First option, final option, wrap behavior, and full native order","Open the category from the canonical creation path, pause on the first visible option, move one option at a time through the final option, demonstrate wrap behavior only if safe, and keep labels or indices visible.",GFM_MEDIA_FC26_0C758EB69716,selector_boundaries_not_proven,REQUESTED_NOT_CAPTURED
RECAPTURE_GFM_MEDIA_FC26_0C758EB69716_EYEBROWS_SELECTOR_BOUNDARIES_NOT_PROVEN_EYEBROWS_1004,ea-sports-fc-26,Eyebrows,Eyebrows 1004,"First option, final option, wrap behavior, and full native order","Open the category from the canonical creation path, pause on the first visible option, move one option at a time through the final option, demonstrate wrap behavior only if safe, and keep labels or indices visible.",GFM_MEDIA_FC26_0C758EB69716,selector_boundaries_not_proven,REQUESTED_NOT_CAPTURED
RECAPTURE_GFM_MEDIA_FC26_0C758EB69716_EYEBROWS_SELECTOR_BOUNDARIES_NOT_PROVEN_EYEBROWS_115,ea-sports-fc-26,Eyebrows,Eyebrows 115,"First option, final option, wrap behavior, and full native order","Open the category from the canonical creation path, pause on the first visible option, move one option at a time through the final option, demonstrate wrap behavior only if safe, and keep labels or indices visible.",GFM_MEDIA_FC26_0C758EB69716,selector_boundaries_not_proven,REQUESTED_NOT_CAPTURED
RECAPTURE_GFM_MEDIA_FC26_0C758EB69716_EYEBROWS_SELECTOR_BOUNDARIES_NOT_PROVEN_EYEBROWS_3,ea-sports-fc-26,Eyebrows,Eyebrows 3,"First option, final option, wrap behavior, and full native order","Open the category from the canonical creation path, pause on the first visible option, move one option at a time through the final option, demonstrate wrap behavior only if safe, and keep labels or indices visible.",GFM_MEDIA_FC26_0C758EB69716,selector_boundaries_not_proven,REQUESTED_NOT_CAPTURED
RECAPTURE_GFM_MEDIA_FC26_0C758EB69716_NOSE_SELECTOR_BOUNDARIES_NOT_PROVEN_NOSE_203,ea-sports-fc-26,Nose,Nose 203,"First option, final option, wrap behavior, and full native order","Open the category from the canonical creation path, pause on the first visible option, move one option at a time through the final option, demonstrate wrap behavior only if safe, and keep labels or indices visible.",GFM_MEDIA_FC26_0C758EB69716,selector_boundaries_not_proven,REQUESTED_NOT_CAPTURED
RECAPTURE_GFM_MEDIA_FC26_0C758EB69716_NOSE_SELECTOR_BOUNDARIES_NOT_PROVEN_NOSE_226,ea-sports-fc-26,Nose,Nose 226,"First option, final option, wrap behavior, and full native order","Open the category from the canonical creation path, pause on the first visible option, move one option at a time through the final option, demonstrate wrap behavior only if safe, and keep labels or indices visible.",GFM_MEDIA_FC26_0C758EB69716,selector_boundaries_not_proven,REQUESTED_NOT_CAPTURED
RECAPTURE_GFM_MEDIA_FC26_0C758EB69716_NOSE_SELECTOR_BOUNDARIES_NOT_PROVEN_NOSE_1004,ea-sports-fc-26,Nose,Nose 1004,"First option, final option, wrap behavior, and full native order","Open the category from the canonical creation path, pause on the first visible option, move one option at a time through the final option, demonstrate wrap behavior only if safe, and keep labels or indices visible.",GFM_MEDIA_FC26_0C758EB69716,selector_boundaries_not_proven,REQUESTED_NOT_CAPTURED
RECAPTURE_GFM_MEDIA_FC26_0C758EB69716_NOSE_SELECTOR_BOUNDARIES_NOT_PROVEN_NOSE_116,ea-sports-fc-26,Nose,Nose 116,"First option, final option, wrap behavior, and full native order","Open the category from the canonical creation path, pause on the first visible option, move one option at a time through the final option, demonstrate wrap behavior only if safe, and keep labels or indices visible.",GFM_MEDIA_FC26_0C758EB69716,selector_boundaries_not_proven,REQUESTED_NOT_CAPTURED
RECAPTURE_GFM_MEDIA_FC26_0C758EB69716_NOSE_SELECTOR_BOUNDARIES_NOT_PROVEN_NOSE_1002,ea-sports-fc-26,Nose,Nose 1002,"First option, final option, wrap behavior, and full native order","Open the category from the canonical creation path, pause on the first visible option, move one option at a time through the final option, demonstrate wrap behavior only if safe, and keep labels or indices visible.",GFM_MEDIA_FC26_0C758EB69716,selector_boundaries_not_proven,REQUESTED_NOT_CAPTURED
RECAPTURE_GFM_MEDIA_FC26_0C758EB69716_NOSE_SELECTOR_BOUNDARIES_NOT_PROVEN_NOSE_294,ea-sports-fc-26,Nose,Nose 294,"First option, final option, wrap behavior, and full native order","Open the category from the canonical creation path, pause on the first visible option, move one option at a time through the final option, demonstrate wrap behavior only if safe, and keep labels or indices visible.",GFM_MEDIA_FC26_0C758EB69716,selector_boundaries_not_proven,REQUESTED_NOT_CAPTURED
RECAPTURE_GFM_MEDIA_FC26_0C758EB69716_MOUTH_SELECTOR_BOUNDARIES_NOT_PROVEN_MOUTH_226,ea-sports-fc-26,Mouth,Mouth 226,"First option, final option, wrap behavior, and full native order","Open the category from the canonical creation path, pause on the first visible option, move one option at a time through the final option, demonstrate wrap behavior only if safe, and keep labels or indices visible.",GFM_MEDIA_FC26_0C758EB69716,selector_boundaries_not_proven,REQUESTED_NOT_CAPTURED
RECAPTURE_GFM_MEDIA_FC26_0C758EB69716_MOUTH_SELECTOR_BOUNDARIES_NOT_PROVEN_MOUTH_304,ea-sports-fc-26,Mouth,Mouth 304,"First option, final option, wrap behavior, and full native order","Open the category from the canonical creation path, pause on the first visible option, move one option at a time through the final option, demonstrate wrap behavior only if safe, and keep labels or indices visible.",GFM_MEDIA_FC26_0C758EB69716,selector_boundaries_not_proven,REQUESTED_NOT_CAPTURED
RECAPTURE_GFM_MEDIA_FC26_0C758EB69716_MOUTH_SELECTOR_BOUNDARIES_NOT_PROVEN_MOUTH_241,ea-sports-fc-26,Mouth,Mouth 241,"First option, final option, wrap behavior, and full native order","Open the category from the canonical creation path, pause on the first visible option, move one option at a time through the final option, demonstrate wrap behavior only if safe, and keep labels or indices visible.",GFM_MEDIA_FC26_0C758EB69716,selector_boundaries_not_proven,REQUESTED_NOT_CAPTURED
RECAPTURE_GFM_MEDIA_FC26_0C758EB69716_MOUTH_SELECTOR_BOUNDARIES_NOT_PROVEN_MOUTH_1001,ea-sports-fc-26,Mouth,Mouth 1001,"First option, final option, wrap behavior, and full native order","Open the category from the canonical creation path, pause on the first visible option, move one option at a time through the final option, demonstrate wrap behavior only if safe, and keep labels or indices visible.",GFM_MEDIA_FC26_0C758EB69716,selector_boundaries_not_proven,REQUESTED_NOT_CAPTURED
RECAPTURE_GFM_MEDIA_FC26_0C758EB69716_MOUTH_SELECTOR_BOUNDARIES_NOT_PROVEN_MOUTH_170,ea-sports-fc-26,Mouth,Mouth 170,"First option, final option, wrap behavior, and full native order","Open the category from the canonical creation path, pause on the first visible option, move one option at a time through the final option, demonstrate wrap behavior only if safe, and keep labels or indices visible.",GFM_MEDIA_FC26_0C758EB69716,selector_boundaries_not_proven,REQUESTED_NOT_CAPTURED
RECAPTURE_GFM_MEDIA_FC26_0C758EB69716_TEETH_SELECTOR_BOUNDARIES_NOT_PROVEN_TEETH_6,ea-sports-fc-26,Teeth,Teeth 6,"First option, final option, wrap behavior, and full native order","Open the category from the canonical creation path, pause on the first visible option, move one option at a time through the final option, demonstrate wrap behavior only if safe, and keep labels or indices visible.",GFM_MEDIA_FC26_0C758EB69716,selector_boundaries_not_proven,REQUESTED_NOT_CAPTURED
RECAPTURE_GFM_MEDIA_FC26_0C758EB69716_TEETH_SELECTOR_BOUNDARIES_NOT_PROVEN_TEETH_2,ea-sports-fc-26,Teeth,Teeth 2,"First option, final option, wrap behavior, and full native order","Open the category from the canonical creation path, pause on the first visible option, move one option at a time through the final option, demonstrate wrap behavior only if safe, and keep labels or indices visible.",GFM_MEDIA_FC26_0C758EB69716,selector_boundaries_not_proven,REQUESTED_NOT_CAPTURED
RECAPTURE_GFM_MEDIA_FC26_0C758EB69716_HAIR_COLOUR_SELECTOR_BOUNDARIES_NOT_PROVEN_BLACK,ea-sports-fc-26,Hair Colour,Black,"First option, final option, wrap behavior, and full native order","Open the category from the canonical creation path, pause on the first visible option, move one option at a time through the final option, demonstrate wrap behavior only if safe, and keep labels or indices visible.",GFM_MEDIA_FC26_0C758EB69716,selector_boundaries_not_proven,REQUESTED_NOT_CAPTURED
RECAPTURE_GFM_MEDIA_FC26_0C758EB69716_HAIR_COLOUR_SELECTOR_BOUNDARIES_NOT_PROVEN_MEDIUM_BROWN,ea-sports-fc-26,Hair Colour,Medium Brown,"First option, final option, wrap behavior, and full native order","Open the category from the canonical creation path, pause on the first visible option, move one option at a time through the final option, demonstrate wrap behavior only if safe, and keep labels or indices visible.",GFM_MEDIA_FC26_0C758EB69716,selector_boundaries_not_proven,REQUESTED_NOT_CAPTURED
RECAPTURE_GFM_MEDIA_FC26_0C758EB69716_HAIR_COLOUR_SELECTOR_BOUNDARIES_NOT_PROVEN_PASTEL_PINK,ea-sports-fc-26,Hair Colour,Pastel Pink,"First option, final option, wrap behavior, and full native order","Open the category from the canonical creation path, pause on the first visible option, move one option at a time through the final option, demonstrate wrap behavior only if safe, and keep labels or indices visible.",GFM_MEDIA_FC26_0C758EB69716,selector_boundaries_not_proven,REQUESTED_NOT_CAPTURED
RECAPTURE_GFM_MEDIA_FC26_0C758EB69716_HAIR_COLOUR_SELECTOR_BOUNDARIES_NOT_PROVEN_PINK,ea-sports-fc-26,Hair Colour,Pink,"First option, final option, wrap behavior, and full native order","Open the category from the canonical creation path, pause on the first visible option, move one option at a time through the final option, demonstrate wrap behavior only if safe, and keep labels or indices visible.",GFM_MEDIA_FC26_0C758EB69716,selector_boundaries_not_proven,REQUESTED_NOT_CAPTURED
RECAPTURE_GFM_MEDIA_FC26_0C758EB69716_HAIR_COLOUR_SELECTOR_BOUNDARIES_NOT_PROVEN_GREY,ea-sports-fc-26,Hair Colour,Grey,"First option, final option, wrap behavior, and full native order","Open the category from the canonical creation path, pause on the first visible option, move one option at a time through the final option, demonstrate wrap behavior only if safe, and keep labels or indices visible.",GFM_MEDIA_FC26_0C758EB69716,selector_boundaries_not_proven,REQUESTED_NOT_CAPTURED
RECAPTURE_GFM_MEDIA_FC26_0C758EB69716_HAIR_COLOUR_SELECTOR_BOUNDARIES_NOT_PROVEN_PERIWINKLE,ea-sports-fc-26,Hair Colour,Periwinkle,"First option, final option, wrap behavior, and full native order","Open the category from the canonical creation path, pause on the first visible option, move one option at a time through the final option, demonstrate wrap behavior only if safe, and keep labels or indices visible.",GFM_MEDIA_FC26_0C758EB69716,selector_boundaries_not_proven,REQUESTED_NOT_CAPTURED
RECAPTURE_GFM_MEDIA_FC26_0C758EB69716_HAIR_STYLE_GROUP_SELECTOR_BOUNDARIES_NOT_PROVEN_MEDIUM,ea-sports-fc-26,Hair Style group,Medium,"First option, final option, wrap behavior, and full native order","Open the category from the canonical creation path, pause on the first visible option, move one option at a time through the final option, demonstrate wrap behavior only if safe, and keep labels or indices visible.",GFM_MEDIA_FC26_0C758EB69716,selector_boundaries_not_proven,REQUESTED_NOT_CAPTURED
RECAPTURE_GFM_MEDIA_FC26_0C758EB69716_HAIR_STYLE_GROUP_SELECTOR_BOUNDARIES_NOT_PROVEN_SHORT,ea-sports-fc-26,Hair Style group,Short,"First option, final option, wrap behavior, and full native order","Open the category from the canonical creation path, pause on the first visible option, move one option at a time through the final option, demonstrate wrap behavior only if safe, and keep labels or indices visible.",GFM_MEDIA_FC26_0C758EB69716,selector_boundaries_not_proven,REQUESTED_NOT_CAPTURED
RECAPTURE_GFM_MEDIA_FC26_0C758EB69716_HAIR_STYLE_GROUP_SELECTOR_BOUNDARIES_NOT_PROVEN_LONG,ea-sports-fc-26,Hair Style group,Long,"First option, final option, wrap behavior, and full native order","Open the category from the canonical creation path, pause on the first visible option, move one option at a time through the final option, demonstrate wrap behavior only if safe, and keep labels or indices visible.",GFM_MEDIA_FC26_0C758EB69716,selector_boundaries_not_proven,REQUESTED_NOT_CAPTURED
RECAPTURE_GFM_MEDIA_FC26_0C758EB69716_HAIR_STYLE_SELECTOR_BOUNDARIES_NOT_PROVEN_HAIR_STYLE_30,ea-sports-fc-26,Hair Style,Hair Style 30,"First option, final option, wrap behavior, and full native order","Open the category from the canonical creation path, pause on the first visible option, move one option at a time through the final option, demonstrate wrap behavior only if safe, and keep labels or indices visible.",GFM_MEDIA_FC26_0C758EB69716,selector_boundaries_not_proven,REQUESTED_NOT_CAPTURED
RECAPTURE_GFM_MEDIA_FC26_0C758EB69716_HAIR_STYLE_SELECTOR_BOUNDARIES_NOT_PROVEN_HAIR_STYLE_504,ea-sports-fc-26,Hair Style,Hair Style 504,"First option, final option, wrap behavior, and full native order","Open the category from the canonical creation path, pause on the first visible option, move one option at a time through the final option, demonstrate wrap behavior only if safe, and keep labels or indices visible.",GFM_MEDIA_FC26_0C758EB69716,selector_boundaries_not_proven,REQUESTED_NOT_CAPTURED
RECAPTURE_GFM_MEDIA_FC26_0C758EB69716_HAIR_STYLE_SELECTOR_BOUNDARIES_NOT_PROVEN_HAIR_STYLE_396,ea-sports-fc-26,Hair Style,Hair Style 396,"First option, final option, wrap behavior, and full native order","Open the category from the canonical creation path, pause on the first visible option, move one option at a time through the final option, demonstrate wrap behavior only if safe, and keep labels or indices visible.",GFM_MEDIA_FC26_0C758EB69716,selector_boundaries_not_proven,REQUESTED_NOT_CAPTURED
RECAPTURE_GFM_MEDIA_FC26_0C758EB69716_HAIR_STYLE_SELECTOR_BOUNDARIES_NOT_PROVEN_HAIR_STYLE_392,ea-sports-fc-26,Hair Style,Hair Style 392,"First option, final option, wrap behavior, and full native order","Open the category from the canonical creation path, pause on the first visible option, move one option at a time through the final option, demonstrate wrap behavior only if safe, and keep labels or indices visible.",GFM_MEDIA_FC26_0C758EB69716,selector_boundaries_not_proven,REQUESTED_NOT_CAPTURED
RECAPTURE_GFM_MEDIA_FC26_0C758EB69716_HAIR_STYLE_SELECTOR_BOUNDARIES_NOT_PROVEN_HAIR_STYLE_543,ea-sports-fc-26,Hair Style,Hair Style 543,"First option, final option, wrap behavior, and full native order","Open the category from the canonical creation path, pause on the first visible option, move one option at a time through the final option, demonstrate wrap behavior only if safe, and keep labels or indices visible.",GFM_MEDIA_FC26_0C758EB69716,selector_boundaries_not_proven,REQUESTED_NOT_CAPTURED
RECAPTURE_GFM_MEDIA_FC26_0C758EB69716_HAIR_STYLE_SELECTOR_BOUNDARIES_NOT_PROVEN_HAIR_STYLE_93,ea-sports-fc-26,Hair Style,Hair Style 93,"First option, final option, wrap behavior, and full native order","Open the category from the canonical creation path, pause on the first visible option, move one option at a time through the final option, demonstrate wrap behavior only if safe, and keep labels or indices visible.",GFM_MEDIA_FC26_0C758EB69716,selector_boundaries_not_proven,REQUESTED_NOT_CAPTURED
RECAPTURE_GFM_MEDIA_FC26_0C758EB69716_HAIR_STYLE_SELECTOR_BOUNDARIES_NOT_PROVEN_HAIR_STYLE_431,ea-sports-fc-26,Hair Style,Hair Style 431,"First option, final option, wrap behavior, and full native order","Open the category from the canonical creation path, pause on the first visible option, move one option at a time through the final option, demonstrate wrap behavior only if safe, and keep labels or indices visible.",GFM_MEDIA_FC26_0C758EB69716,selector_boundaries_not_proven,REQUESTED_NOT_CAPTURED
RECAPTURE_GFM_MEDIA_FC26_0C758EB69716_HAIR_STYLE_SELECTOR_BOUNDARIES_NOT_PROVEN_HAIR_STYLE_65,ea-sports-fc-26,Hair Style,Hair Style 65,"First option, final option, wrap behavior, and full native order","Open the category from the canonical creation path, pause on the first visible option, move one option at a time through the final option, demonstrate wrap behavior only if safe, and keep labels or indices visible.",GFM_MEDIA_FC26_0C758EB69716,selector_boundaries_not_proven,REQUESTED_NOT_CAPTURED
RECAPTURE_GFM_MEDIA_FC26_0C758EB69716_HAIR_STYLE_SELECTOR_BOUNDARIES_NOT_PROVEN_HAIR_STYLE_233,ea-sports-fc-26,Hair Style,Hair Style 233,"First option, final option, wrap behavior, and full native order","Open the category from the canonical creation path, pause on the first visible option, move one option at a time through the final option, demonstrate wrap behavior only if safe, and keep labels or indices visible.",GFM_MEDIA_FC26_0C758EB69716,selector_boundaries_not_proven,REQUESTED_NOT_CAPTURED
RECAPTURE_GFM_MEDIA_FC26_0C758EB69716_HAIR_STYLE_SELECTOR_BOUNDARIES_NOT_PROVEN_HAIR_STYLE_184,ea-sports-fc-26,Hair Style,Hair Style 184,"First option, final option, wrap behavior, and full native order","Open the category from the canonical creation path, pause on the first visible option, move one option at a time through the final option, demonstrate wrap behavior only if safe, and keep labels or indices visible.",GFM_MEDIA_FC26_0C758EB69716,selector_boundaries_not_proven,REQUESTED_NOT_CAPTURED
RECAPTURE_GFM_MEDIA_FC26_0C758EB69716_HAIR_STYLE_SELECTOR_BOUNDARIES_NOT_PROVEN_HAIR_STYLE_62,ea-sports-fc-26,Hair Style,Hair Style 62,"First option, final option, wrap behavior, and full native order","Open the category from the canonical creation path, pause on the first visible option, move one option at a time through the final option, demonstrate wrap behavior only if safe, and keep labels or indices visible.",GFM_MEDIA_FC26_0C758EB69716,selector_boundaries_not_proven,REQUESTED_NOT_CAPTURED
RECAPTURE_GFM_MEDIA_FC26_0C758EB69716_HAIR_STYLE_SELECTOR_BOUNDARIES_NOT_PROVEN_HAIR_STYLE_285,ea-sports-fc-26,Hair Style,Hair Style 285,"First option, final option, wrap behavior, and full native order","Open the category from the canonical creation path, pause on the first visible option, move one option at a time through the final option, demonstrate wrap behavior only if safe, and keep labels or indices visible.",GFM_MEDIA_FC26_0C758EB69716,selector_boundaries_not_proven,REQUESTED_NOT_CAPTURED
RECAPTURE_GFM_MEDIA_FC26_0C758EB69716_HAIR_STYLE_SELECTOR_BOUNDARIES_NOT_PROVEN_HAIR_STYLE_444,ea-sports-fc-26,Hair Style,Hair Style 444,"First option, final option, wrap behavior, and full native order","Open the category from the canonical creation path, pause on the first visible option, move one option at a time through the final option, demonstrate wrap behavior only if safe, and keep labels or indices visible.",GFM_MEDIA_FC26_0C758EB69716,selector_boundaries_not_proven,REQUESTED_NOT_CAPTURED
RECAPTURE_GFM_MEDIA_FC26_0C758EB69716_HAIR_STYLE_SELECTOR_BOUNDARIES_NOT_PROVEN_HAIR_STYLE_32,ea-sports-fc-26,Hair Style,Hair Style 32,"First option, final option, wrap behavior, and full native order","Open the category from the canonical creation path, pause on the first visible option, move one option at a time through the final option, demonstrate wrap behavior only if safe, and keep labels or indices visible.",GFM_MEDIA_FC26_0C758EB69716,selector_boundaries_not_proven,REQUESTED_NOT_CAPTURED
RECAPTURE_GFM_MEDIA_FC26_0C758EB69716_HAIR_STYLE_SELECTOR_BOUNDARIES_NOT_PROVEN_HAIR_STYLE_500,ea-sports-fc-26,Hair Style,Hair Style 500,"First option, final option, wrap behavior, and full native order","Open the category from the canonical creation path, pause on the first visible option, move one option at a time through the final option, demonstrate wrap behavior only if safe, and keep labels or indices visible.",GFM_MEDIA_FC26_0C758EB69716,selector_boundaries_not_proven,REQUESTED_NOT_CAPTURED
RECAPTURE_GFM_MEDIA_FC26_0C758EB69716_HAIR_STYLE_SELECTOR_BOUNDARIES_NOT_PROVEN_HAIR_STYLE_421,ea-sports-fc-26,Hair Style,Hair Style 421,"First option, final option, wrap behavior, and full native order","Open the category from the canonical creation path, pause on the first visible option, move one option at a time through the final option, demonstrate wrap behavior only if safe, and keep labels or indices visible.",GFM_MEDIA_FC26_0C758EB69716,selector_boundaries_not_proven,REQUESTED_NOT_CAPTURED
RECAPTURE_GFM_MEDIA_FC26_0C758EB69716_EYEBROW_FACIAL_HAIR_COLOUR_SELECTOR_BOUNDARIES_NOT_PROVEN_GOLDEN,ea-sports-fc-26,Eyebrow & Facial Hair Colour,Golden,"First option, final option, wrap behavior, and full native order","Open the category from the canonical creation path, pause on the first visible option, move one option at a time through the final option, demonstrate wrap behavior only if safe, and keep labels or indices visible.",GFM_MEDIA_FC26_0C758EB69716,selector_boundaries_not_proven,REQUESTED_NOT_CAPTURED
RECAPTURE_GFM_MEDIA_FC26_0C758EB69716_EYEBROW_FACIAL_HAIR_COLOUR_SELECTOR_BOUNDARIES_NOT_PROVEN_HONEY,ea-sports-fc-26,Eyebrow & Facial Hair Colour,Honey,"First option, final option, wrap behavior, and full native order","Open the category from the canonical creation path, pause on the first visible option, move one option at a time through the final option, demonstrate wrap behavior only if safe, and keep labels or indices visible.",GFM_MEDIA_FC26_0C758EB69716,selector_boundaries_not_proven,REQUESTED_NOT_CAPTURED
RECAPTURE_GFM_MEDIA_FC26_0C758EB69716_EYEBROW_FACIAL_HAIR_COLOUR_SELECTOR_BOUNDARIES_NOT_PROVEN_PINK,ea-sports-fc-26,Eyebrow & Facial Hair Colour,Pink,"First option, final option, wrap behavior, and full native order","Open the category from the canonical creation path, pause on the first visible option, move one option at a time through the final option, demonstrate wrap behavior only if safe, and keep labels or indices visible.",GFM_MEDIA_FC26_0C758EB69716,selector_boundaries_not_proven,REQUESTED_NOT_CAPTURED
RECAPTURE_GFM_MEDIA_FC26_0C758EB69716_EYEBROW_FACIAL_HAIR_COLOUR_SELECTOR_BOUNDARIES_NOT_PROVEN_GREY,ea-sports-fc-26,Eyebrow & Facial Hair Colour,Grey,"First option, final option, wrap behavior, and full native order","Open the category from the canonical creation path, pause on the first visible option, move one option at a time through the final option, demonstrate wrap behavior only if safe, and keep labels or indices visible.",GFM_MEDIA_FC26_0C758EB69716,selector_boundaries_not_proven,REQUESTED_NOT_CAPTURED
RECAPTURE_GFM_MEDIA_FC26_0C758EB69716_EYEBROW_FACIAL_HAIR_COLOUR_SELECTOR_BOUNDARIES_NOT_PROVEN_PERIWINKLE,ea-sports-fc-26,Eyebrow & Facial Hair Colour,Periwinkle,"First option, final option, wrap behavior, and full native order","Open the category from the canonical creation path, pause on the first visible option, move one option at a time through the final option, demonstrate wrap behavior only if safe, and keep labels or indices visible.",GFM_MEDIA_FC26_0C758EB69716,selector_boundaries_not_proven,REQUESTED_NOT_CAPTURED
RECAPTURE_GFM_MEDIA_FC26_0C758EB69716_EYEBROW_SHAPE_SELECTOR_FIRST_ROW_SELECTOR_BOUNDARIES_NOT_PROVEN_STRAIGHT,ea-sports-fc-26,"Eyebrow shape selector, first row",Straight,"First option, final option, wrap behavior, and full native order","Open the category from the canonical creation path, pause on the first visible option, move one option at a time through the final option, demonstrate wrap behavior only if safe, and keep labels or indices visible.",GFM_MEDIA_FC26_0C758EB69716,selector_boundaries_not_proven,REQUESTED_NOT_CAPTURED
RECAPTURE_GFM_MEDIA_FC26_0C758EB69716_EYEBROW_SHAPE_SELECTOR_FIRST_ROW_SELECTOR_BOUNDARIES_NOT_PROVEN_S_SHAPED,ea-sports-fc-26,"Eyebrow shape selector, first row",'S' Shaped,"First option, final option, wrap behavior, and full native order","Open the category from the canonical creation path, pause on the first visible option, move one option at a time through the final option, demonstrate wrap behavior only if safe, and keep labels or indices visible.",GFM_MEDIA_FC26_0C758EB69716,selector_boundaries_not_proven,REQUESTED_NOT_CAPTURED
RECAPTURE_GFM_MEDIA_FC26_0C758EB69716_EYEBROW_SHAPE_SELECTOR_SECOND_ROW_SELECTOR_BOUNDARIES_NOT_PROVEN_LOW_ARCH,ea-sports-fc-26,"Eyebrow shape selector, second row",Low Arch,"First option, final option, wrap behavior, and full native order","Open the category from the canonical creation path, pause on the first visible option, move one option at a time through the final option, demonstrate wrap behavior only if safe, and keep labels or indices visible.",GFM_MEDIA_FC26_0C758EB69716,selector_boundaries_not_proven,REQUESTED_NOT_CAPTURED
RECAPTURE_GFM_MEDIA_FC26_0C758EB69716_FACIAL_HAIR_SELECTOR_BOUNDARIES_NOT_PROVEN_FACIAL_HAIR_288,ea-sports-fc-26,Facial Hair,Facial Hair 288,"First option, final option, wrap behavior, and full native order","Open the category from the canonical creation path, pause on the first visible option, move one option at a time through the final option, demonstrate wrap behavior only if safe, and keep labels or indices visible.",GFM_MEDIA_FC26_0C758EB69716,selector_boundaries_not_proven,REQUESTED_NOT_CAPTURED
RECAPTURE_GFM_MEDIA_FC26_0C758EB69716_FACIAL_HAIR_SELECTOR_BOUNDARIES_NOT_PROVEN_FACIAL_HAIR_38,ea-sports-fc-26,Facial Hair,Facial Hair 38,"First option, final option, wrap behavior, and full native order","Open the category from the canonical creation path, pause on the first visible option, move one option at a time through the final option, demonstrate wrap behavior only if safe, and keep labels or indices visible.",GFM_MEDIA_FC26_0C758EB69716,selector_boundaries_not_proven,REQUESTED_NOT_CAPTURED
RECAPTURE_GFM_MEDIA_FC26_0C758EB69716_FACIAL_HAIR_SELECTOR_BOUNDARIES_NOT_PROVEN_FACIAL_HAIR_37,ea-sports-fc-26,Facial Hair,Facial Hair 37,"First option, final option, wrap behavior, and full native order","Open the category from the canonical creation path, pause on the first visible option, move one option at a time through the final option, demonstrate wrap behavior only if safe, and keep labels or indices visible.",GFM_MEDIA_FC26_0C758EB69716,selector_boundaries_not_proven,REQUESTED_NOT_CAPTURED
RECAPTURE_GFM_MEDIA_FC26_0C758EB69716_FACIAL_HAIR_SELECTOR_BOUNDARIES_NOT_PROVEN_FACIAL_HAIR_27,ea-sports-fc-26,Facial Hair,Facial Hair 27,"First option, final option, wrap behavior, and full native order","Open the category from the canonical creation path, pause on the first visible option, move one option at a time through the final option, demonstrate wrap behavior only if safe, and keep labels or indices visible.",GFM_MEDIA_FC26_0C758EB69716,selector_boundaries_not_proven,REQUESTED_NOT_CAPTURED
RECAPTURE_GFM_MEDIA_FC26_0C758EB69716_FACIAL_HAIR_SELECTOR_BOUNDARIES_NOT_PROVEN_FACIAL_HAIR_285,ea-sports-fc-26,Facial Hair,Facial Hair 285,"First option, final option, wrap behavior, and full native order","Open the category from the canonical creation path, pause on the first visible option, move one option at a time through the final option, demonstrate wrap behavior only if safe, and keep labels or indices visible.",GFM_MEDIA_FC26_0C758EB69716,selector_boundaries_not_proven,REQUESTED_NOT_CAPTURED
RECAPTURE_GFM_MEDIA_FC26_0C758EB69716_FACIAL_HAIR_SELECTOR_BOUNDARIES_NOT_PROVEN_FACIAL_HAIR_239,ea-sports-fc-26,Facial Hair,Facial Hair 239,"First option, final option, wrap behavior, and full native order","Open the category from the canonical creation path, pause on the first visible option, move one option at a time through the final option, demonstrate wrap behavior only if safe, and keep labels or indices visible.",GFM_MEDIA_FC26_0C758EB69716,selector_boundaries_not_proven,REQUESTED_NOT_CAPTURED
RECAPTURE_GFM_MEDIA_FC26_0C758EB69716_FACIAL_HAIR_SELECTOR_BOUNDARIES_NOT_PROVEN_FACIAL_HAIR_16,ea-sports-fc-26,Facial Hair,Facial Hair 16,"First option, final option, wrap behavior, and full native order","Open the category from the canonical creation path, pause on the first visible option, move one option at a time through the final option, demonstrate wrap behavior only if safe, and keep labels or indices visible.",GFM_MEDIA_FC26_0C758EB69716,selector_boundaries_not_proven,REQUESTED_NOT_CAPTURED
