stable_candidate_id,game_id,category,suspected_native_label,suspected_native_index,suspected_native_order,supporting_source_media_ids,supporting_timestamps,extraction_confidence,primary_review_status,second_verification_status,production_status,recapture_status,issues
CF27_XBOXUNKNOWN_RTG_HAIRSTYLE_SHORT_CURLY,college-football-27,Hairstyles,Short Curly,1,1,GFM_MEDIA_CF27_60F68A5C1AF4,,high,NEEDS_PRIMARY_REVIEW,NOT_VERIFIED,NOT_PRODUCTION_DATA,RECAPTURE_REQUIREMENTS_UNRESOLVED,
CF27_XBOXUNKNOWN_RTG_HAIRCOLOR_LIGHT_BROWN,college-football-27,Hair colors,Light Brown,,,GFM_MEDIA_CF27_60F68A5C1AF4,,high,NEEDS_PRIMARY_REVIEW,NOT_VERIFIED,NOT_PRODUCTION_DATA,RECAPTURE_REQUIREMENTS_UNRESOLVED,
CF27_XBOXUNKNOWN_RTG_FACIALHAIR_MUTTON_CHOPS,college-football-27,Facial hair,Mutton Chops,,,GFM_MEDIA_CF27_60F68A5C1AF4,,high,NEEDS_PRIMARY_REVIEW,NOT_VERIFIED,NOT_PRODUCTION_DATA,RECAPTURE_REQUIREMENTS_UNRESOLVED,
CF27_XBOXUNKNOWN_RTG_FACIALHAIRCOLOR_PURPLE,college-football-27,Facial-hair colors,Purple,,,GFM_MEDIA_CF27_60F68A5C1AF4,,high,NEEDS_PRIMARY_REVIEW,NOT_VERIFIED,NOT_PRODUCTION_DATA,RECAPTURE_REQUIREMENTS_UNRESOLVED,
CF27_XBOXUNKNOWN_RTG_MOUTHSHAPE_HEAVY,college-football-27,Mouth Shape,Heavy,7,7,GFM_MEDIA_CF27_BDD75F0CE953,,high,NEEDS_PRIMARY_REVIEW,NOT_VERIFIED,NOT_PRODUCTION_DATA,RECAPTURE_REQUIREMENTS_UNRESOLVED,
CF27_XBOXUNKNOWN_RTG_JAWSHAPE_SQUARE,college-football-27,Jaw Shape,Square,2,2,GFM_MEDIA_CF27_BDD75F0CE953,,high,NEEDS_PRIMARY_REVIEW,NOT_VERIFIED,NOT_PRODUCTION_DATA,RECAPTURE_REQUIREMENTS_UNRESOLVED,
CF27_XBOXUNKNOWN_RTG_CHIN_SQUARE,college-football-27,Chin,Square,2,2,GFM_MEDIA_CF27_BDD75F0CE953,,high,NEEDS_PRIMARY_REVIEW,NOT_VERIFIED,NOT_PRODUCTION_DATA,RECAPTURE_REQUIREMENTS_UNRESOLVED,
FC26_RESEARCH_FC26_HEAD_SKIN_TONE_SKIN_TONE_3,ea-sports-fc-26,Skin Tone,Skin Tone 3,3,3,GFM_MEDIA_FC26_6AB6BFCA771C,0,verified,NEEDS_PRIMARY_REVIEW,NOT_VERIFIED,NOT_PRODUCTION_DATA,CATEGORY_BOUNDARY_RECAPTURE_REQUIRED,COMPLETE_SELECTOR_BOUNDARIES_NOT_PROVEN
FC26_RESEARCH_FC26_HEAD_SKIN_TONE_SKIN_TONE_9,ea-sports-fc-26,Skin Tone,Skin Tone 9,9,9,GFM_MEDIA_FC26_6AB6BFCA771C,5,verified,NEEDS_PRIMARY_REVIEW,NOT_VERIFIED,NOT_PRODUCTION_DATA,CATEGORY_BOUNDARY_RECAPTURE_REQUIRED,COMPLETE_SELECTOR_BOUNDARIES_NOT_PROVEN
FC26_RESEARCH_FC26_HEAD_COMPLEXION_COMPLEXION_3,ea-sports-fc-26,Complexion,Complexion 3,3,3,GFM_MEDIA_FC26_6AB6BFCA771C,0,verified,NEEDS_PRIMARY_REVIEW,NOT_VERIFIED,NOT_PRODUCTION_DATA,CATEGORY_BOUNDARY_RECAPTURE_REQUIRED,COMPLETE_SELECTOR_BOUNDARIES_NOT_PROVEN
FC26_RESEARCH_FC26_HEAD_COMPLEXION_COMPLEXION_6,ea-sports-fc-26,Complexion,Complexion 6,6,6,GFM_MEDIA_FC26_6AB6BFCA771C,10,verified,NEEDS_PRIMARY_REVIEW,NOT_VERIFIED,NOT_PRODUCTION_DATA,CATEGORY_BOUNDARY_RECAPTURE_REQUIRED,COMPLETE_SELECTOR_BOUNDARIES_NOT_PROVEN
FC26_RESEARCH_FC26_HEAD_COMPLEXION_COMPLEXION_9,ea-sports-fc-26,Complexion,Complexion 9,9,9,GFM_MEDIA_FC26_6AB6BFCA771C,10,probable,NEEDS_PRIMARY_REVIEW,NOT_VERIFIED,NOT_PRODUCTION_DATA,CATEGORY_BOUNDARY_RECAPTURE_REQUIRED,COMPLETE_SELECTOR_BOUNDARIES_NOT_PROVEN
FC26_RESEARCH_FC26_HEAD_SKIN_SURFACE_SKIN_SURFACE_18,ea-sports-fc-26,Skin Surface,Skin Surface 18,18,18,GFM_MEDIA_FC26_6AB6BFCA771C,0,verified,NEEDS_PRIMARY_REVIEW,NOT_VERIFIED,NOT_PRODUCTION_DATA,CATEGORY_BOUNDARY_RECAPTURE_REQUIRED,COMPLETE_SELECTOR_BOUNDARIES_NOT_PROVEN
FC26_RESEARCH_FC26_HEAD_SKIN_SURFACE_SKIN_SURFACE_27,ea-sports-fc-26,Skin Surface,Skin Surface 27,27,27,GFM_MEDIA_FC26_6AB6BFCA771C,20,verified,NEEDS_PRIMARY_REVIEW,NOT_VERIFIED,NOT_PRODUCTION_DATA,CATEGORY_BOUNDARY_RECAPTURE_REQUIRED,COMPLETE_SELECTOR_BOUNDARIES_NOT_PROVEN
FC26_RESEARCH_FC26_HEAD_SKIN_SURFACE_SKIN_SURFACE_36,ea-sports-fc-26,Skin Surface,Skin Surface 36,36,36,GFM_MEDIA_FC26_6AB6BFCA771C,25,verified,NEEDS_PRIMARY_REVIEW,NOT_VERIFIED,NOT_PRODUCTION_DATA,CATEGORY_BOUNDARY_RECAPTURE_REQUIRED,COMPLETE_SELECTOR_BOUNDARIES_NOT_PROVEN
FC26_RESEARCH_FC26_HEAD_SKIN_SURFACE_SKIN_SURFACE_41,ea-sports-fc-26,Skin Surface,Skin Surface 41,41,41,GFM_MEDIA_FC26_6AB6BFCA771C,30,verified,NEEDS_PRIMARY_REVIEW,NOT_VERIFIED,NOT_PRODUCTION_DATA,CATEGORY_BOUNDARY_RECAPTURE_REQUIRED,COMPLETE_SELECTOR_BOUNDARIES_NOT_PROVEN
FC26_RESEARCH_FC26_HEAD_SKIN_SURFACE_SKIN_SURFACE_51,ea-sports-fc-26,Skin Surface,Skin Surface 51,51,51,GFM_MEDIA_FC26_6AB6BFCA771C,35,verified,NEEDS_PRIMARY_REVIEW,NOT_VERIFIED,NOT_PRODUCTION_DATA,CATEGORY_BOUNDARY_RECAPTURE_REQUIRED,COMPLETE_SELECTOR_BOUNDARIES_NOT_PROVEN
FC26_RESEARCH_FC26_HEAD_SKIN_SURFACE_SKIN_SURFACE_3,ea-sports-fc-26,Skin Surface,Skin Surface 3,3,3,GFM_MEDIA_FC26_6AB6BFCA771C,40,verified,NEEDS_PRIMARY_REVIEW,NOT_VERIFIED,NOT_PRODUCTION_DATA,CATEGORY_BOUNDARY_RECAPTURE_REQUIRED,COMPLETE_SELECTOR_BOUNDARIES_NOT_PROVEN
FC26_RESEARCH_FC26_HEAD_FRECKLES_NONE,ea-sports-fc-26,Freckles,None,,,GFM_MEDIA_FC26_6AB6BFCA771C,0,verified,NEEDS_PRIMARY_REVIEW,NOT_VERIFIED,NOT_PRODUCTION_DATA,CATEGORY_BOUNDARY_RECAPTURE_REQUIRED,COMPLETE_SELECTOR_BOUNDARIES_NOT_PROVEN
FC26_RESEARCH_FC26_HEAD_FRECKLES_FRECKLES_2,ea-sports-fc-26,Freckles,Freckles 2,2,2,GFM_MEDIA_FC26_6AB6BFCA771C,45,verified,NEEDS_PRIMARY_REVIEW,NOT_VERIFIED,NOT_PRODUCTION_DATA,CATEGORY_BOUNDARY_RECAPTURE_REQUIRED,COMPLETE_SELECTOR_BOUNDARIES_NOT_PROVEN
FC26_RESEARCH_FC26_HEAD_FRECKLES_FRECKLES_12,ea-sports-fc-26,Freckles,Freckles 12,12,12,GFM_MEDIA_FC26_6AB6BFCA771C,50,verified,NEEDS_PRIMARY_REVIEW,NOT_VERIFIED,NOT_PRODUCTION_DATA,CATEGORY_BOUNDARY_RECAPTURE_REQUIRED,COMPLETE_SELECTOR_BOUNDARIES_NOT_PROVEN
FC26_RESEARCH_FC26_HEAD_FRECKLES_FRECKLES_3,ea-sports-fc-26,Freckles,Freckles 3,3,3,GFM_MEDIA_FC26_6AB6BFCA771C,55,verified,NEEDS_PRIMARY_REVIEW,NOT_VERIFIED,NOT_PRODUCTION_DATA,CATEGORY_BOUNDARY_RECAPTURE_REQUIRED,COMPLETE_SELECTOR_BOUNDARIES_NOT_PROVEN
FC26_RESEARCH_FC26_HEAD_SCARRING_SCARRING_9,ea-sports-fc-26,Scarring,Scarring 9,9,9,GFM_MEDIA_FC26_6AB6BFCA771C,60,verified,NEEDS_PRIMARY_REVIEW,NOT_VERIFIED,NOT_PRODUCTION_DATA,CATEGORY_BOUNDARY_RECAPTURE_REQUIRED,COMPLETE_SELECTOR_BOUNDARIES_NOT_PROVEN
FC26_RESEARCH_FC26_HEAD_SCARRING_SCARRING_18,ea-sports-fc-26,Scarring,Scarring 18,18,18,GFM_MEDIA_FC26_6AB6BFCA771C,65,verified,NEEDS_PRIMARY_REVIEW,NOT_VERIFIED,NOT_PRODUCTION_DATA,CATEGORY_BOUNDARY_RECAPTURE_REQUIRED,COMPLETE_SELECTOR_BOUNDARIES_NOT_PROVEN
FC26_RESEARCH_FC26_HEAD_SCARRING_SCARRING_26,ea-sports-fc-26,Scarring,Scarring 26,26,26,GFM_MEDIA_FC26_6AB6BFCA771C,70,verified,NEEDS_PRIMARY_REVIEW,NOT_VERIFIED,NOT_PRODUCTION_DATA,CATEGORY_BOUNDARY_RECAPTURE_REQUIRED,COMPLETE_SELECTOR_BOUNDARIES_NOT_PROVEN
FC26_RESEARCH_FC26_HEAD_SCARRING_SCARRING_36,ea-sports-fc-26,Scarring,Scarring 36,36,36,GFM_MEDIA_FC26_6AB6BFCA771C,75,verified,NEEDS_PRIMARY_REVIEW,NOT_VERIFIED,NOT_PRODUCTION_DATA,CATEGORY_BOUNDARY_RECAPTURE_REQUIRED,COMPLETE_SELECTOR_BOUNDARIES_NOT_PROVEN
FC26_RESEARCH_FC26_HEAD_MOLES_MOLES_2,ea-sports-fc-26,Moles,Moles 2,2,2,GFM_MEDIA_FC26_6AB6BFCA771C,80,verified,NEEDS_PRIMARY_REVIEW,NOT_VERIFIED,NOT_PRODUCTION_DATA,CATEGORY_BOUNDARY_RECAPTURE_REQUIRED,COMPLETE_SELECTOR_BOUNDARIES_NOT_PROVEN
FC26_RESEARCH_FC26_HEAD_MOLES_MOLES_7,ea-sports-fc-26,Moles,Moles 7,7,7,GFM_MEDIA_FC26_6AB6BFCA771C,90,verified,NEEDS_PRIMARY_REVIEW,NOT_VERIFIED,NOT_PRODUCTION_DATA,CATEGORY_BOUNDARY_RECAPTURE_REQUIRED,COMPLETE_SELECTOR_BOUNDARIES_NOT_PROVEN
FC26_RESEARCH_FC26_HEAD_ROSACEA_ROSACEA_5,ea-sports-fc-26,Rosacea,Rosacea 5,5,5,GFM_MEDIA_FC26_6AB6BFCA771C,100,verified,NEEDS_PRIMARY_REVIEW,NOT_VERIFIED,NOT_PRODUCTION_DATA,CATEGORY_BOUNDARY_RECAPTURE_REQUIRED,COMPLETE_SELECTOR_BOUNDARIES_NOT_PROVEN
FC26_RESEARCH_FC26_HEAD_FACE_MAKEUP_FACE_MAKEUP_2,ea-sports-fc-26,Face Makeup,Face Makeup 2,2,2,GFM_MEDIA_FC26_6AB6BFCA771C,105,verified,NEEDS_PRIMARY_REVIEW,NOT_VERIFIED,NOT_PRODUCTION_DATA,CATEGORY_BOUNDARY_RECAPTURE_REQUIRED,COMPLETE_SELECTOR_BOUNDARIES_NOT_PROVEN
FC26_RESEARCH_FC26_HEAD_LIP_MAKEUP_NONE,ea-sports-fc-26,Lip Makeup,None,,,GFM_MEDIA_FC26_6AB6BFCA771C,110,verified,NEEDS_PRIMARY_REVIEW,NOT_VERIFIED,NOT_PRODUCTION_DATA,CATEGORY_BOUNDARY_RECAPTURE_REQUIRED,COMPLETE_SELECTOR_BOUNDARIES_NOT_PROVEN
FC26_RESEARCH_FC26_HEAD_FOREHEAD_FOREHEAD_1002,ea-sports-fc-26,Forehead,Forehead 1002,1002,1002,GFM_MEDIA_FC26_6AB6BFCA771C,115,verified,NEEDS_PRIMARY_REVIEW,NOT_VERIFIED,NOT_PRODUCTION_DATA,CATEGORY_BOUNDARY_RECAPTURE_REQUIRED,COMPLETE_SELECTOR_BOUNDARIES_NOT_PROVEN
FC26_RESEARCH_FC26_HEAD_FOREHEAD_FOREHEAD_294,ea-sports-fc-26,Forehead,Forehead 294,294,294,GFM_MEDIA_FC26_6AB6BFCA771C,120,verified,NEEDS_PRIMARY_REVIEW,NOT_VERIFIED,NOT_PRODUCTION_DATA,CATEGORY_BOUNDARY_RECAPTURE_REQUIRED,COMPLETE_SELECTOR_BOUNDARIES_NOT_PROVEN
FC26_RESEARCH_FC26_HEAD_FOREHEAD_FOREHEAD_23,ea-sports-fc-26,Forehead,Forehead 23,23,23,GFM_MEDIA_FC26_6AB6BFCA771C,125,verified,NEEDS_PRIMARY_REVIEW,NOT_VERIFIED,NOT_PRODUCTION_DATA,CATEGORY_BOUNDARY_RECAPTURE_REQUIRED,COMPLETE_SELECTOR_BOUNDARIES_NOT_PROVEN
FC26_RESEARCH_FC26_HEAD_FOREHEAD_FOREHEAD_175,ea-sports-fc-26,Forehead,Forehead 175,175,175,GFM_MEDIA_FC26_6AB6BFCA771C,130,verified,NEEDS_PRIMARY_REVIEW,NOT_VERIFIED,NOT_PRODUCTION_DATA,CATEGORY_BOUNDARY_RECAPTURE_REQUIRED,COMPLETE_SELECTOR_BOUNDARIES_NOT_PROVEN
FC26_RESEARCH_FC26_HEAD_FOREHEAD_FOREHEAD_304,ea-sports-fc-26,Forehead,Forehead 304,304,304,GFM_MEDIA_FC26_6AB6BFCA771C,135,verified,NEEDS_PRIMARY_REVIEW,NOT_VERIFIED,NOT_PRODUCTION_DATA,CATEGORY_BOUNDARY_RECAPTURE_REQUIRED,COMPLETE_SELECTOR_BOUNDARIES_NOT_PROVEN
FC26_RESEARCH_FC26_HEAD_FOREHEAD_FOREHEAD_9,ea-sports-fc-26,Forehead,Forehead 9,9,9,GFM_MEDIA_FC26_6AB6BFCA771C,140,verified,NEEDS_PRIMARY_REVIEW,NOT_VERIFIED,NOT_PRODUCTION_DATA,CATEGORY_BOUNDARY_RECAPTURE_REQUIRED,COMPLETE_SELECTOR_BOUNDARIES_NOT_PROVEN
FC26_RESEARCH_FC26_HEAD_JAW_JAW_226,ea-sports-fc-26,Jaw,Jaw 226,226,226,GFM_MEDIA_FC26_6AB6BFCA771C,120,verified,NEEDS_PRIMARY_REVIEW,NOT_VERIFIED,NOT_PRODUCTION_DATA,CATEGORY_BOUNDARY_RECAPTURE_REQUIRED,COMPLETE_SELECTOR_BOUNDARIES_NOT_PROVEN
FC26_RESEARCH_FC26_HEAD_JAW_JAW_260,ea-sports-fc-26,Jaw,Jaw 260,260,260,GFM_MEDIA_FC26_6AB6BFCA771C,140,verified,NEEDS_PRIMARY_REVIEW,NOT_VERIFIED,NOT_PRODUCTION_DATA,CATEGORY_BOUNDARY_RECAPTURE_REQUIRED,COMPLETE_SELECTOR_BOUNDARIES_NOT_PROVEN
FC26_RESEARCH_FC26_HEAD_JAW_JAW_9,ea-sports-fc-26,Jaw,Jaw 9,9,9,GFM_MEDIA_FC26_6AB6BFCA771C,145,verified,NEEDS_PRIMARY_REVIEW,NOT_VERIFIED,NOT_PRODUCTION_DATA,CATEGORY_BOUNDARY_RECAPTURE_REQUIRED,COMPLETE_SELECTOR_BOUNDARIES_NOT_PROVEN
FC26_RESEARCH_FC26_HEAD_JAW_JAW_151,ea-sports-fc-26,Jaw,Jaw 151,151,151,GFM_MEDIA_FC26_6AB6BFCA771C,150,verified,NEEDS_PRIMARY_REVIEW,NOT_VERIFIED,NOT_PRODUCTION_DATA,CATEGORY_BOUNDARY_RECAPTURE_REQUIRED,COMPLETE_SELECTOR_BOUNDARIES_NOT_PROVEN
FC26_RESEARCH_FC26_HEAD_JAW_JAW_294,ea-sports-fc-26,Jaw,Jaw 294,294,294,GFM_MEDIA_FC26_6AB6BFCA771C,155,verified,NEEDS_PRIMARY_REVIEW,NOT_VERIFIED,NOT_PRODUCTION_DATA,CATEGORY_BOUNDARY_RECAPTURE_REQUIRED,COMPLETE_SELECTOR_BOUNDARIES_NOT_PROVEN
FC26_RESEARCH_FC26_HEAD_JAW_JAW_1002,ea-sports-fc-26,Jaw,Jaw 1002,1002,1002,GFM_MEDIA_FC26_6AB6BFCA771C,160,verified,NEEDS_PRIMARY_REVIEW,NOT_VERIFIED,NOT_PRODUCTION_DATA,CATEGORY_BOUNDARY_RECAPTURE_REQUIRED,COMPLETE_SELECTOR_BOUNDARIES_NOT_PROVEN
FC26_RESEARCH_FC26_HEAD_EARS_EARS_175,ea-sports-fc-26,Ears,Ears 175,175,175,GFM_MEDIA_FC26_6AB6BFCA771C,120,verified,NEEDS_PRIMARY_REVIEW,NOT_VERIFIED,NOT_PRODUCTION_DATA,CATEGORY_BOUNDARY_RECAPTURE_REQUIRED,COMPLETE_SELECTOR_BOUNDARIES_NOT_PROVEN
FC26_RESEARCH_FC26_HEAD_EARS_EARS_249,ea-sports-fc-26,Ears,Ears 249,249,249,GFM_MEDIA_FC26_6AB6BFCA771C,160,verified,NEEDS_PRIMARY_REVIEW,NOT_VERIFIED,NOT_PRODUCTION_DATA,CATEGORY_BOUNDARY_RECAPTURE_REQUIRED,COMPLETE_SELECTOR_BOUNDARIES_NOT_PROVEN
FC26_RESEARCH_FC26_HEAD_EARS_EARS_1006,ea-sports-fc-26,Ears,Ears 1006,1006,1006,GFM_MEDIA_FC26_6AB6BFCA771C,165,verified,NEEDS_PRIMARY_REVIEW,NOT_VERIFIED,NOT_PRODUCTION_DATA,CATEGORY_BOUNDARY_RECAPTURE_REQUIRED,COMPLETE_SELECTOR_BOUNDARIES_NOT_PROVEN
FC26_RESEARCH_FC26_HEAD_EARS_EARS_194,ea-sports-fc-26,Ears,Ears 194,194,194,GFM_MEDIA_FC26_6AB6BFCA771C,170,verified,NEEDS_PRIMARY_REVIEW,NOT_VERIFIED,NOT_PRODUCTION_DATA,CATEGORY_BOUNDARY_RECAPTURE_REQUIRED,COMPLETE_SELECTOR_BOUNDARIES_NOT_PROVEN
FC26_RESEARCH_FC26_HEAD_EARS_EARS_170,ea-sports-fc-26,Ears,Ears 170,170,170,GFM_MEDIA_FC26_6AB6BFCA771C,180,verified,NEEDS_PRIMARY_REVIEW,NOT_VERIFIED,NOT_PRODUCTION_DATA,CATEGORY_BOUNDARY_RECAPTURE_REQUIRED,COMPLETE_SELECTOR_BOUNDARIES_NOT_PROVEN
FC26_RESEARCH_FC26_HEAD_CHEEKS_CHEEKS_202,ea-sports-fc-26,Cheeks,Cheeks 202,202,202,GFM_MEDIA_FC26_6AB6BFCA771C,160,verified,NEEDS_PRIMARY_REVIEW,NOT_VERIFIED,NOT_PRODUCTION_DATA,CATEGORY_BOUNDARY_RECAPTURE_REQUIRED,COMPLETE_SELECTOR_BOUNDARIES_NOT_PROVEN
FC26_RESEARCH_FC26_HEAD_CHEEKS_CHEEKS_299,ea-sports-fc-26,Cheeks,Cheeks 299,299,299,GFM_MEDIA_FC26_6AB6BFCA771C,180,verified,NEEDS_PRIMARY_REVIEW,NOT_VERIFIED,NOT_PRODUCTION_DATA,CATEGORY_BOUNDARY_RECAPTURE_REQUIRED,COMPLETE_SELECTOR_BOUNDARIES_NOT_PROVEN
FC26_RESEARCH_FC26_HEAD_CHEEKS_CHEEKS_43,ea-sports-fc-26,Cheeks,Cheeks 43,43,43,GFM_MEDIA_FC26_6AB6BFCA771C,185,verified,NEEDS_PRIMARY_REVIEW,NOT_VERIFIED,NOT_PRODUCTION_DATA,CATEGORY_BOUNDARY_RECAPTURE_REQUIRED,COMPLETE_SELECTOR_BOUNDARIES_NOT_PROVEN
FC26_RESEARCH_FC26_HEAD_CHEEKS_CHEEKS_203,ea-sports-fc-26,Cheeks,Cheeks 203,203,203,GFM_MEDIA_FC26_6AB6BFCA771C,190,verified,NEEDS_PRIMARY_REVIEW,NOT_VERIFIED,NOT_PRODUCTION_DATA,CATEGORY_BOUNDARY_RECAPTURE_REQUIRED,COMPLETE_SELECTOR_BOUNDARIES_NOT_PROVEN
FC26_RESEARCH_FC26_HEAD_CHEEKS_CHEEKS_226,ea-sports-fc-26,Cheeks,Cheeks 226,226,226,GFM_MEDIA_FC26_6AB6BFCA771C,195,verified,NEEDS_PRIMARY_REVIEW,NOT_VERIFIED,NOT_PRODUCTION_DATA,CATEGORY_BOUNDARY_RECAPTURE_REQUIRED,COMPLETE_SELECTOR_BOUNDARIES_NOT_PROVEN
FC26_RESEARCH_FC26_HEAD_CHIN_CHIN_226,ea-sports-fc-26,Chin,Chin 226,226,226,GFM_MEDIA_FC26_6AB6BFCA771C,195,verified,NEEDS_PRIMARY_REVIEW,NOT_VERIFIED,NOT_PRODUCTION_DATA,CATEGORY_BOUNDARY_RECAPTURE_REQUIRED,COMPLETE_SELECTOR_BOUNDARIES_NOT_PROVEN
FC26_RESEARCH_FC26_HEAD_CHIN_CHIN_268,ea-sports-fc-26,Chin,Chin 268,268,268,GFM_MEDIA_FC26_6AB6BFCA771C,190,verified,NEEDS_PRIMARY_REVIEW,NOT_VERIFIED,NOT_PRODUCTION_DATA,CATEGORY_BOUNDARY_RECAPTURE_REQUIRED,COMPLETE_SELECTOR_BOUNDARIES_NOT_PROVEN
FC26_RESEARCH_FC26_HEAD_CHIN_CHIN_1003,ea-sports-fc-26,Chin,Chin 1003,1003,1003,GFM_MEDIA_FC26_6AB6BFCA771C,200,verified,NEEDS_PRIMARY_REVIEW,NOT_VERIFIED,NOT_PRODUCTION_DATA,CATEGORY_BOUNDARY_RECAPTURE_REQUIRED,COMPLETE_SELECTOR_BOUNDARIES_NOT_PROVEN
FC26_RESEARCH_FC26_HEAD_CHIN_CHIN_118,ea-sports-fc-26,Chin,Chin 118,118,118,GFM_MEDIA_FC26_6AB6BFCA771C,205,verified,NEEDS_PRIMARY_REVIEW,NOT_VERIFIED,NOT_PRODUCTION_DATA,CATEGORY_BOUNDARY_RECAPTURE_REQUIRED,COMPLETE_SELECTOR_BOUNDARIES_NOT_PROVEN
FC26_RESEARCH_FC26_HEAD_CHIN_CHIN_1001,ea-sports-fc-26,Chin,Chin 1001,1001,1001,GFM_MEDIA_FC26_6AB6BFCA771C,210,verified,NEEDS_PRIMARY_REVIEW,NOT_VERIFIED,NOT_PRODUCTION_DATA,CATEGORY_BOUNDARY_RECAPTURE_REQUIRED,COMPLETE_SELECTOR_BOUNDARIES_NOT_PROVEN
FC26_RESEARCH_FC26_HEAD_NECK_NECK_241,ea-sports-fc-26,Neck,Neck 241,241,241,GFM_MEDIA_FC26_6AB6BFCA771C,190,verified,NEEDS_PRIMARY_REVIEW,NOT_VERIFIED,NOT_PRODUCTION_DATA,CATEGORY_BOUNDARY_RECAPTURE_REQUIRED,COMPLETE_SELECTOR_BOUNDARIES_NOT_PROVEN
FC26_RESEARCH_FC26_HEAD_NECK_NECK_304,ea-sports-fc-26,Neck,Neck 304,304,304,GFM_MEDIA_FC26_6AB6BFCA771C,215,verified,NEEDS_PRIMARY_REVIEW,NOT_VERIFIED,NOT_PRODUCTION_DATA,CATEGORY_BOUNDARY_RECAPTURE_REQUIRED,COMPLETE_SELECTOR_BOUNDARIES_NOT_PROVEN
FC26_RESEARCH_FC26_HEAD_NECK_NECK_52,ea-sports-fc-26,Neck,Neck 52,52,52,GFM_MEDIA_FC26_6AB6BFCA771C,220,verified,NEEDS_PRIMARY_REVIEW,NOT_VERIFIED,NOT_PRODUCTION_DATA,CATEGORY_BOUNDARY_RECAPTURE_REQUIRED,COMPLETE_SELECTOR_BOUNDARIES_NOT_PROVEN
FC26_RESEARCH_FC26_HEAD_NECK_NECK_1002,ea-sports-fc-26,Neck,Neck 1002,1002,1002,GFM_MEDIA_FC26_6AB6BFCA771C,230,verified,NEEDS_PRIMARY_REVIEW,NOT_VERIFIED,NOT_PRODUCTION_DATA,CATEGORY_BOUNDARY_RECAPTURE_REQUIRED,COMPLETE_SELECTOR_BOUNDARIES_NOT_PROVEN
FC26_RESEARCH_FC26_FACE_EYE_COLOUR_LIGHT_GREY,ea-sports-fc-26,Eye Colour,Light Grey,,,GFM_MEDIA_FC26_6AB6BFCA771C,230,verified,NEEDS_PRIMARY_REVIEW,NOT_VERIFIED,NOT_PRODUCTION_DATA,CATEGORY_BOUNDARY_RECAPTURE_REQUIRED,COMPLETE_SELECTOR_BOUNDARIES_NOT_PROVEN
FC26_RESEARCH_FC26_FACE_EYE_COLOUR_GREEN,ea-sports-fc-26,Eye Colour,Green,,,GFM_MEDIA_FC26_6AB6BFCA771C,235,verified,NEEDS_PRIMARY_REVIEW,NOT_VERIFIED,NOT_PRODUCTION_DATA,CATEGORY_BOUNDARY_RECAPTURE_REQUIRED,COMPLETE_SELECTOR_BOUNDARIES_NOT_PROVEN
FC26_RESEARCH_FC26_FACE_EYE_COLOUR_MEDIUM_GREY,ea-sports-fc-26,Eye Colour,Medium Grey,,,GFM_MEDIA_FC26_6AB6BFCA771C,240,verified,NEEDS_PRIMARY_REVIEW,NOT_VERIFIED,NOT_PRODUCTION_DATA,CATEGORY_BOUNDARY_RECAPTURE_REQUIRED,COMPLETE_SELECTOR_BOUNDARIES_NOT_PROVEN
FC26_RESEARCH_FC26_FACE_EYE_COLOUR_LIGHT_BLUE,ea-sports-fc-26,Eye Colour,Light Blue,,,GFM_MEDIA_FC26_0C758EB69716,0,verified,NEEDS_PRIMARY_REVIEW,NOT_VERIFIED,NOT_PRODUCTION_DATA,CATEGORY_BOUNDARY_RECAPTURE_REQUIRED,COMPLETE_SELECTOR_BOUNDARIES_NOT_PROVEN
FC26_RESEARCH_FC26_FACE_EYES_EYES_299,ea-sports-fc-26,Eyes,Eyes 299,299,299,GFM_MEDIA_FC26_0C758EB69716,0,verified,NEEDS_PRIMARY_REVIEW,NOT_VERIFIED,NOT_PRODUCTION_DATA,CATEGORY_BOUNDARY_RECAPTURE_REQUIRED,COMPLETE_SELECTOR_BOUNDARIES_NOT_PROVEN
FC26_RESEARCH_FC26_FACE_EYES_EYES_1005,ea-sports-fc-26,Eyes,Eyes 1005,1005,1005,GFM_MEDIA_FC26_0C758EB69716,5,verified,NEEDS_PRIMARY_REVIEW,NOT_VERIFIED,NOT_PRODUCTION_DATA,CATEGORY_BOUNDARY_RECAPTURE_REQUIRED,COMPLETE_SELECTOR_BOUNDARIES_NOT_PROVEN
FC26_RESEARCH_FC26_FACE_EYES_EYES_93,ea-sports-fc-26,Eyes,Eyes 93,93,93,GFM_MEDIA_FC26_0C758EB69716,10,verified,NEEDS_PRIMARY_REVIEW,NOT_VERIFIED,NOT_PRODUCTION_DATA,CATEGORY_BOUNDARY_RECAPTURE_REQUIRED,COMPLETE_SELECTOR_BOUNDARIES_NOT_PROVEN
FC26_RESEARCH_FC26_FACE_EYES_EYES_268,ea-sports-fc-26,Eyes,Eyes 268,268,268,GFM_MEDIA_FC26_0C758EB69716,15,verified,NEEDS_PRIMARY_REVIEW,NOT_VERIFIED,NOT_PRODUCTION_DATA,CATEGORY_BOUNDARY_RECAPTURE_REQUIRED,COMPLETE_SELECTOR_BOUNDARIES_NOT_PROVEN
FC26_RESEARCH_FC26_FACE_EYES_EYES_23,ea-sports-fc-26,Eyes,Eyes 23,23,23,GFM_MEDIA_FC26_0C758EB69716,20,verified,NEEDS_PRIMARY_REVIEW,NOT_VERIFIED,NOT_PRODUCTION_DATA,CATEGORY_BOUNDARY_RECAPTURE_REQUIRED,COMPLETE_SELECTOR_BOUNDARIES_NOT_PROVEN
FC26_RESEARCH_FC26_FACE_EYES_EYES_116,ea-sports-fc-26,Eyes,Eyes 116,116,116,GFM_MEDIA_FC26_0C758EB69716,30,verified,NEEDS_PRIMARY_REVIEW,NOT_VERIFIED,NOT_PRODUCTION_DATA,CATEGORY_BOUNDARY_RECAPTURE_REQUIRED,COMPLETE_SELECTOR_BOUNDARIES_NOT_PROVEN
FC26_RESEARCH_FC26_FACE_EYEBROWS_EYEBROWS_268,ea-sports-fc-26,Eyebrows,Eyebrows 268,268,268,GFM_MEDIA_FC26_0C758EB69716,0,verified,NEEDS_PRIMARY_REVIEW,NOT_VERIFIED,NOT_PRODUCTION_DATA,CATEGORY_BOUNDARY_RECAPTURE_REQUIRED,COMPLETE_SELECTOR_BOUNDARIES_NOT_PROVEN
FC26_RESEARCH_FC26_FACE_EYEBROWS_EYEBROWS_304,ea-sports-fc-26,Eyebrows,Eyebrows 304,304,304,GFM_MEDIA_FC26_0C758EB69716,25,verified,NEEDS_PRIMARY_REVIEW,NOT_VERIFIED,NOT_PRODUCTION_DATA,CATEGORY_BOUNDARY_RECAPTURE_REQUIRED,COMPLETE_SELECTOR_BOUNDARIES_NOT_PROVEN
FC26_RESEARCH_FC26_FACE_EYEBROWS_EYEBROWS_1004,ea-sports-fc-26,Eyebrows,Eyebrows 1004,1004,1004,GFM_MEDIA_FC26_0C758EB69716,40,verified,NEEDS_PRIMARY_REVIEW,NOT_VERIFIED,NOT_PRODUCTION_DATA,CATEGORY_BOUNDARY_RECAPTURE_REQUIRED,COMPLETE_SELECTOR_BOUNDARIES_NOT_PROVEN
FC26_RESEARCH_FC26_FACE_EYEBROWS_EYEBROWS_115,ea-sports-fc-26,Eyebrows,Eyebrows 115,115,115,GFM_MEDIA_FC26_0C758EB69716,105,verified,NEEDS_PRIMARY_REVIEW,NOT_VERIFIED,NOT_PRODUCTION_DATA,CATEGORY_BOUNDARY_RECAPTURE_REQUIRED,COMPLETE_SELECTOR_BOUNDARIES_NOT_PROVEN
FC26_RESEARCH_FC26_FACE_EYEBROWS_EYEBROWS_3,ea-sports-fc-26,Eyebrows,Eyebrows 3,3,3,GFM_MEDIA_FC26_0C758EB69716,220,verified,NEEDS_PRIMARY_REVIEW,NOT_VERIFIED,NOT_PRODUCTION_DATA,CATEGORY_BOUNDARY_RECAPTURE_REQUIRED,COMPLETE_SELECTOR_BOUNDARIES_NOT_PROVEN
FC26_RESEARCH_FC26_FACE_NOSE_NOSE_203,ea-sports-fc-26,Nose,Nose 203,203,203,GFM_MEDIA_FC26_0C758EB69716,40,verified,NEEDS_PRIMARY_REVIEW,NOT_VERIFIED,NOT_PRODUCTION_DATA,CATEGORY_BOUNDARY_RECAPTURE_REQUIRED,COMPLETE_SELECTOR_BOUNDARIES_NOT_PROVEN
FC26_RESEARCH_FC26_FACE_NOSE_NOSE_226,ea-sports-fc-26,Nose,Nose 226,226,226,GFM_MEDIA_FC26_0C758EB69716,45,verified,NEEDS_PRIMARY_REVIEW,NOT_VERIFIED,NOT_PRODUCTION_DATA,CATEGORY_BOUNDARY_RECAPTURE_REQUIRED,COMPLETE_SELECTOR_BOUNDARIES_NOT_PROVEN
FC26_RESEARCH_FC26_FACE_NOSE_NOSE_1004,ea-sports-fc-26,Nose,Nose 1004,1004,1004,GFM_MEDIA_FC26_0C758EB69716,50,verified,NEEDS_PRIMARY_REVIEW,NOT_VERIFIED,NOT_PRODUCTION_DATA,CATEGORY_BOUNDARY_RECAPTURE_REQUIRED,COMPLETE_SELECTOR_BOUNDARIES_NOT_PROVEN
FC26_RESEARCH_FC26_FACE_NOSE_NOSE_116,ea-sports-fc-26,Nose,Nose 116,116,116,GFM_MEDIA_FC26_0C758EB69716,55,verified,NEEDS_PRIMARY_REVIEW,NOT_VERIFIED,NOT_PRODUCTION_DATA,CATEGORY_BOUNDARY_RECAPTURE_REQUIRED,COMPLETE_SELECTOR_BOUNDARIES_NOT_PROVEN
FC26_RESEARCH_FC26_FACE_NOSE_NOSE_1002,ea-sports-fc-26,Nose,Nose 1002,1002,1002,GFM_MEDIA_FC26_0C758EB69716,60,verified,NEEDS_PRIMARY_REVIEW,NOT_VERIFIED,NOT_PRODUCTION_DATA,CATEGORY_BOUNDARY_RECAPTURE_REQUIRED,COMPLETE_SELECTOR_BOUNDARIES_NOT_PROVEN
FC26_RESEARCH_FC26_FACE_NOSE_NOSE_294,ea-sports-fc-26,Nose,Nose 294,294,294,GFM_MEDIA_FC26_0C758EB69716,75,verified,NEEDS_PRIMARY_REVIEW,NOT_VERIFIED,NOT_PRODUCTION_DATA,CATEGORY_BOUNDARY_RECAPTURE_REQUIRED,COMPLETE_SELECTOR_BOUNDARIES_NOT_PROVEN
FC26_RESEARCH_FC26_FACE_MOUTH_MOUTH_226,ea-sports-fc-26,Mouth,Mouth 226,226,226,GFM_MEDIA_FC26_0C758EB69716,60,verified,NEEDS_PRIMARY_REVIEW,NOT_VERIFIED,NOT_PRODUCTION_DATA,CATEGORY_BOUNDARY_RECAPTURE_REQUIRED,COMPLETE_SELECTOR_BOUNDARIES_NOT_PROVEN
FC26_RESEARCH_FC26_FACE_MOUTH_MOUTH_304,ea-sports-fc-26,Mouth,Mouth 304,304,304,GFM_MEDIA_FC26_0C758EB69716,65,verified,NEEDS_PRIMARY_REVIEW,NOT_VERIFIED,NOT_PRODUCTION_DATA,CATEGORY_BOUNDARY_RECAPTURE_REQUIRED,COMPLETE_SELECTOR_BOUNDARIES_NOT_PROVEN
FC26_RESEARCH_FC26_FACE_MOUTH_MOUTH_241,ea-sports-fc-26,Mouth,Mouth 241,241,241,GFM_MEDIA_FC26_0C758EB69716,70,verified,NEEDS_PRIMARY_REVIEW,NOT_VERIFIED,NOT_PRODUCTION_DATA,CATEGORY_BOUNDARY_RECAPTURE_REQUIRED,COMPLETE_SELECTOR_BOUNDARIES_NOT_PROVEN
FC26_RESEARCH_FC26_FACE_MOUTH_MOUTH_1001,ea-sports-fc-26,Mouth,Mouth 1001,1001,1001,GFM_MEDIA_FC26_0C758EB69716,75,verified,NEEDS_PRIMARY_REVIEW,NOT_VERIFIED,NOT_PRODUCTION_DATA,CATEGORY_BOUNDARY_RECAPTURE_REQUIRED,COMPLETE_SELECTOR_BOUNDARIES_NOT_PROVEN
FC26_RESEARCH_FC26_FACE_MOUTH_MOUTH_170,ea-sports-fc-26,Mouth,Mouth 170,170,170,GFM_MEDIA_FC26_0C758EB69716,80,verified,NEEDS_PRIMARY_REVIEW,NOT_VERIFIED,NOT_PRODUCTION_DATA,CATEGORY_BOUNDARY_RECAPTURE_REQUIRED,COMPLETE_SELECTOR_BOUNDARIES_NOT_PROVEN
FC26_RESEARCH_FC26_FACE_TEETH_TEETH_6,ea-sports-fc-26,Teeth,Teeth 6,6,6,GFM_MEDIA_FC26_0C758EB69716,80,verified,NEEDS_PRIMARY_REVIEW,NOT_VERIFIED,NOT_PRODUCTION_DATA,CATEGORY_BOUNDARY_RECAPTURE_REQUIRED,COMPLETE_SELECTOR_BOUNDARIES_NOT_PROVEN
FC26_RESEARCH_FC26_FACE_TEETH_TEETH_2,ea-sports-fc-26,Teeth,Teeth 2,2,2,GFM_MEDIA_FC26_0C758EB69716,85,verified,NEEDS_PRIMARY_REVIEW,NOT_VERIFIED,NOT_PRODUCTION_DATA,CATEGORY_BOUNDARY_RECAPTURE_REQUIRED,COMPLETE_SELECTOR_BOUNDARIES_NOT_PROVEN
FC26_RESEARCH_FC26_HAIR_COLOUR_BLACK,ea-sports-fc-26,Hair Colour,Black,,,GFM_MEDIA_FC26_0C758EB69716,90,verified,NEEDS_PRIMARY_REVIEW,NOT_VERIFIED,NOT_PRODUCTION_DATA,CATEGORY_BOUNDARY_RECAPTURE_REQUIRED,COMPLETE_SELECTOR_BOUNDARIES_NOT_PROVEN
FC26_RESEARCH_FC26_HAIR_COLOUR_MEDIUM_BROWN,ea-sports-fc-26,Hair Colour,Medium Brown,,,GFM_MEDIA_FC26_0C758EB69716,100,verified,NEEDS_PRIMARY_REVIEW,NOT_VERIFIED,NOT_PRODUCTION_DATA,CATEGORY_BOUNDARY_RECAPTURE_REQUIRED,COMPLETE_SELECTOR_BOUNDARIES_NOT_PROVEN
FC26_RESEARCH_FC26_HAIR_COLOUR_PASTEL_PINK,ea-sports-fc-26,Hair Colour,Pastel Pink,,,GFM_MEDIA_FC26_0C758EB69716,110,verified,NEEDS_PRIMARY_REVIEW,NOT_VERIFIED,NOT_PRODUCTION_DATA,CATEGORY_BOUNDARY_RECAPTURE_REQUIRED,COMPLETE_SELECTOR_BOUNDARIES_NOT_PROVEN
FC26_RESEARCH_FC26_HAIR_COLOUR_PINK,ea-sports-fc-26,Hair Colour,Pink,,,GFM_MEDIA_FC26_0C758EB69716,180,verified,NEEDS_PRIMARY_REVIEW,NOT_VERIFIED,NOT_PRODUCTION_DATA,CATEGORY_BOUNDARY_RECAPTURE_REQUIRED,COMPLETE_SELECTOR_BOUNDARIES_NOT_PROVEN
FC26_RESEARCH_FC26_HAIR_COLOUR_GREY,ea-sports-fc-26,Hair Colour,Grey,,,GFM_MEDIA_FC26_0C758EB69716,190,verified,NEEDS_PRIMARY_REVIEW,NOT_VERIFIED,NOT_PRODUCTION_DATA,CATEGORY_BOUNDARY_RECAPTURE_REQUIRED,COMPLETE_SELECTOR_BOUNDARIES_NOT_PROVEN
FC26_RESEARCH_FC26_HAIR_COLOUR_PERIWINKLE,ea-sports-fc-26,Hair Colour,Periwinkle,,,GFM_MEDIA_FC26_0C758EB69716,210,verified,NEEDS_PRIMARY_REVIEW,NOT_VERIFIED,NOT_PRODUCTION_DATA,CATEGORY_BOUNDARY_RECAPTURE_REQUIRED,COMPLETE_SELECTOR_BOUNDARIES_NOT_PROVEN
FC26_RESEARCH_FC26_HAIR_STYLE_GROUP_MEDIUM,ea-sports-fc-26,Hair Style group,Medium,,,GFM_MEDIA_FC26_0C758EB69716,90,verified,NEEDS_PRIMARY_REVIEW,NOT_VERIFIED,NOT_PRODUCTION_DATA,CATEGORY_BOUNDARY_RECAPTURE_REQUIRED,COMPLETE_SELECTOR_BOUNDARIES_NOT_PROVEN
FC26_RESEARCH_FC26_HAIR_STYLE_GROUP_SHORT,ea-sports-fc-26,Hair Style group,Short,,,GFM_MEDIA_FC26_0C758EB69716,120,verified,NEEDS_PRIMARY_REVIEW,NOT_VERIFIED,NOT_PRODUCTION_DATA,CATEGORY_BOUNDARY_RECAPTURE_REQUIRED,COMPLETE_SELECTOR_BOUNDARIES_NOT_PROVEN
FC26_RESEARCH_FC26_HAIR_STYLE_GROUP_LONG,ea-sports-fc-26,Hair Style group,Long,,,GFM_MEDIA_FC26_0C758EB69716,145,verified,NEEDS_PRIMARY_REVIEW,NOT_VERIFIED,NOT_PRODUCTION_DATA,CATEGORY_BOUNDARY_RECAPTURE_REQUIRED,COMPLETE_SELECTOR_BOUNDARIES_NOT_PROVEN
FC26_RESEARCH_FC26_HAIR_STYLE_HAIR_STYLE_30,ea-sports-fc-26,Hair Style,Hair Style 30,30,30,GFM_MEDIA_FC26_0C758EB69716,90,verified,NEEDS_PRIMARY_REVIEW,NOT_VERIFIED,NOT_PRODUCTION_DATA,CATEGORY_BOUNDARY_RECAPTURE_REQUIRED,COMPLETE_SELECTOR_BOUNDARIES_NOT_PROVEN
FC26_RESEARCH_FC26_HAIR_STYLE_HAIR_STYLE_504,ea-sports-fc-26,Hair Style,Hair Style 504,504,504,GFM_MEDIA_FC26_0C758EB69716,105,verified,NEEDS_PRIMARY_REVIEW,NOT_VERIFIED,NOT_PRODUCTION_DATA,CATEGORY_BOUNDARY_RECAPTURE_REQUIRED,COMPLETE_SELECTOR_BOUNDARIES_NOT_PROVEN
FC26_RESEARCH_FC26_HAIR_STYLE_HAIR_STYLE_396,ea-sports-fc-26,Hair Style,Hair Style 396,396,396,GFM_MEDIA_FC26_0C758EB69716,115,verified,NEEDS_PRIMARY_REVIEW,NOT_VERIFIED,NOT_PRODUCTION_DATA,CATEGORY_BOUNDARY_RECAPTURE_REQUIRED,COMPLETE_SELECTOR_BOUNDARIES_NOT_PROVEN
FC26_RESEARCH_FC26_HAIR_STYLE_HAIR_STYLE_392,ea-sports-fc-26,Hair Style,Hair Style 392,392,392,GFM_MEDIA_FC26_0C758EB69716,120,verified,NEEDS_PRIMARY_REVIEW,NOT_VERIFIED,NOT_PRODUCTION_DATA,CATEGORY_BOUNDARY_RECAPTURE_REQUIRED,COMPLETE_SELECTOR_BOUNDARIES_NOT_PROVEN
FC26_RESEARCH_FC26_HAIR_STYLE_HAIR_STYLE_543,ea-sports-fc-26,Hair Style,Hair Style 543,543,543,GFM_MEDIA_FC26_0C758EB69716,125,verified,NEEDS_PRIMARY_REVIEW,NOT_VERIFIED,NOT_PRODUCTION_DATA,CATEGORY_BOUNDARY_RECAPTURE_REQUIRED,COMPLETE_SELECTOR_BOUNDARIES_NOT_PROVEN
FC26_RESEARCH_FC26_HAIR_STYLE_HAIR_STYLE_93,ea-sports-fc-26,Hair Style,Hair Style 93,93,93,GFM_MEDIA_FC26_0C758EB69716,130,verified,NEEDS_PRIMARY_REVIEW,NOT_VERIFIED,NOT_PRODUCTION_DATA,CATEGORY_BOUNDARY_RECAPTURE_REQUIRED,COMPLETE_SELECTOR_BOUNDARIES_NOT_PROVEN
FC26_RESEARCH_FC26_HAIR_STYLE_HAIR_STYLE_431,ea-sports-fc-26,Hair Style,Hair Style 431,431,431,GFM_MEDIA_FC26_0C758EB69716,135,verified,NEEDS_PRIMARY_REVIEW,NOT_VERIFIED,NOT_PRODUCTION_DATA,CATEGORY_BOUNDARY_RECAPTURE_REQUIRED,COMPLETE_SELECTOR_BOUNDARIES_NOT_PROVEN
FC26_RESEARCH_FC26_HAIR_STYLE_HAIR_STYLE_65,ea-sports-fc-26,Hair Style,Hair Style 65,65,65,GFM_MEDIA_FC26_0C758EB69716,140,verified,NEEDS_PRIMARY_REVIEW,NOT_VERIFIED,NOT_PRODUCTION_DATA,CATEGORY_BOUNDARY_RECAPTURE_REQUIRED,COMPLETE_SELECTOR_BOUNDARIES_NOT_PROVEN
FC26_RESEARCH_FC26_HAIR_STYLE_HAIR_STYLE_233,ea-sports-fc-26,Hair Style,Hair Style 233,233,233,GFM_MEDIA_FC26_0C758EB69716,145,verified,NEEDS_PRIMARY_REVIEW,NOT_VERIFIED,NOT_PRODUCTION_DATA,CATEGORY_BOUNDARY_RECAPTURE_REQUIRED,COMPLETE_SELECTOR_BOUNDARIES_NOT_PROVEN
FC26_RESEARCH_FC26_HAIR_STYLE_HAIR_STYLE_184,ea-sports-fc-26,Hair Style,Hair Style 184,184,184,GFM_MEDIA_FC26_0C758EB69716,150,verified,NEEDS_PRIMARY_REVIEW,NOT_VERIFIED,NOT_PRODUCTION_DATA,CATEGORY_BOUNDARY_RECAPTURE_REQUIRED,COMPLETE_SELECTOR_BOUNDARIES_NOT_PROVEN
FC26_RESEARCH_FC26_HAIR_STYLE_HAIR_STYLE_62,ea-sports-fc-26,Hair Style,Hair Style 62,62,62,GFM_MEDIA_FC26_0C758EB69716,155,verified,NEEDS_PRIMARY_REVIEW,NOT_VERIFIED,NOT_PRODUCTION_DATA,CATEGORY_BOUNDARY_RECAPTURE_REQUIRED,COMPLETE_SELECTOR_BOUNDARIES_NOT_PROVEN
FC26_RESEARCH_FC26_HAIR_STYLE_HAIR_STYLE_285,ea-sports-fc-26,Hair Style,Hair Style 285,285,285,GFM_MEDIA_FC26_0C758EB69716,165,verified,NEEDS_PRIMARY_REVIEW,NOT_VERIFIED,NOT_PRODUCTION_DATA,CATEGORY_BOUNDARY_RECAPTURE_REQUIRED,COMPLETE_SELECTOR_BOUNDARIES_NOT_PROVEN
FC26_RESEARCH_FC26_HAIR_STYLE_HAIR_STYLE_444,ea-sports-fc-26,Hair Style,Hair Style 444,444,444,GFM_MEDIA_FC26_0C758EB69716,180,verified,NEEDS_PRIMARY_REVIEW,NOT_VERIFIED,NOT_PRODUCTION_DATA,CATEGORY_BOUNDARY_RECAPTURE_REQUIRED,COMPLETE_SELECTOR_BOUNDARIES_NOT_PROVEN
FC26_RESEARCH_FC26_HAIR_STYLE_HAIR_STYLE_32,ea-sports-fc-26,Hair Style,Hair Style 32,32,32,GFM_MEDIA_FC26_0C758EB69716,195,verified,NEEDS_PRIMARY_REVIEW,NOT_VERIFIED,NOT_PRODUCTION_DATA,CATEGORY_BOUNDARY_RECAPTURE_REQUIRED,COMPLETE_SELECTOR_BOUNDARIES_NOT_PROVEN
FC26_RESEARCH_FC26_HAIR_STYLE_HAIR_STYLE_500,ea-sports-fc-26,Hair Style,Hair Style 500,500,500,GFM_MEDIA_FC26_0C758EB69716,205,verified,NEEDS_PRIMARY_REVIEW,NOT_VERIFIED,NOT_PRODUCTION_DATA,CATEGORY_BOUNDARY_RECAPTURE_REQUIRED,COMPLETE_SELECTOR_BOUNDARIES_NOT_PROVEN
FC26_RESEARCH_FC26_HAIR_STYLE_HAIR_STYLE_421,ea-sports-fc-26,Hair Style,Hair Style 421,421,421,GFM_MEDIA_FC26_0C758EB69716,210,verified,NEEDS_PRIMARY_REVIEW,NOT_VERIFIED,NOT_PRODUCTION_DATA,CATEGORY_BOUNDARY_RECAPTURE_REQUIRED,COMPLETE_SELECTOR_BOUNDARIES_NOT_PROVEN
FC26_RESEARCH_FC26_HAIR_EYEBROW_FACIAL_HAIR_COLOUR_GOLDEN,ea-sports-fc-26,Eyebrow & Facial Hair Colour,Golden,,,GFM_MEDIA_FC26_0C758EB69716,90,verified,NEEDS_PRIMARY_REVIEW,NOT_VERIFIED,NOT_PRODUCTION_DATA,CATEGORY_BOUNDARY_RECAPTURE_REQUIRED,COMPLETE_SELECTOR_BOUNDARIES_NOT_PROVEN
FC26_RESEARCH_FC26_HAIR_EYEBROW_FACIAL_HAIR_COLOUR_HONEY,ea-sports-fc-26,Eyebrow & Facial Hair Colour,Honey,,,GFM_MEDIA_FC26_0C758EB69716,170,verified,NEEDS_PRIMARY_REVIEW,NOT_VERIFIED,NOT_PRODUCTION_DATA,CATEGORY_BOUNDARY_RECAPTURE_REQUIRED,COMPLETE_SELECTOR_BOUNDARIES_NOT_PROVEN
FC26_RESEARCH_FC26_HAIR_EYEBROW_FACIAL_HAIR_COLOUR_PINK,ea-sports-fc-26,Eyebrow & Facial Hair Colour,Pink,,,GFM_MEDIA_FC26_0C758EB69716,180,verified,NEEDS_PRIMARY_REVIEW,NOT_VERIFIED,NOT_PRODUCTION_DATA,CATEGORY_BOUNDARY_RECAPTURE_REQUIRED,COMPLETE_SELECTOR_BOUNDARIES_NOT_PROVEN
FC26_RESEARCH_FC26_HAIR_EYEBROW_FACIAL_HAIR_COLOUR_GREY,ea-sports-fc-26,Eyebrow & Facial Hair Colour,Grey,,,GFM_MEDIA_FC26_0C758EB69716,190,verified,NEEDS_PRIMARY_REVIEW,NOT_VERIFIED,NOT_PRODUCTION_DATA,CATEGORY_BOUNDARY_RECAPTURE_REQUIRED,COMPLETE_SELECTOR_BOUNDARIES_NOT_PROVEN
FC26_RESEARCH_FC26_HAIR_EYEBROW_FACIAL_HAIR_COLOUR_PERIWINKLE,ea-sports-fc-26,Eyebrow & Facial Hair Colour,Periwinkle,,,GFM_MEDIA_FC26_0C758EB69716,205,verified,NEEDS_PRIMARY_REVIEW,NOT_VERIFIED,NOT_PRODUCTION_DATA,CATEGORY_BOUNDARY_RECAPTURE_REQUIRED,COMPLETE_SELECTOR_BOUNDARIES_NOT_PROVEN
FC26_RESEARCH_FC26_HAIR_EYEBROW_SHAPE_TOP_STRAIGHT,ea-sports-fc-26,"Eyebrow shape selector, first row",Straight,,,GFM_MEDIA_FC26_0C758EB69716,200,probable,NEEDS_PRIMARY_REVIEW,NOT_VERIFIED,NOT_PRODUCTION_DATA,CATEGORY_BOUNDARY_RECAPTURE_REQUIRED,COMPLETE_SELECTOR_BOUNDARIES_NOT_PROVEN
FC26_RESEARCH_FC26_HAIR_EYEBROW_SHAPE_TOP_S_SHAPED,ea-sports-fc-26,"Eyebrow shape selector, first row",'S' Shaped,,,GFM_MEDIA_FC26_0C758EB69716,180,probable,NEEDS_PRIMARY_REVIEW,NOT_VERIFIED,NOT_PRODUCTION_DATA,CATEGORY_BOUNDARY_RECAPTURE_REQUIRED,COMPLETE_SELECTOR_BOUNDARIES_NOT_PROVEN
FC26_RESEARCH_FC26_HAIR_EYEBROW_SHAPE_BOTTOM_LOW_ARCH,ea-sports-fc-26,"Eyebrow shape selector, second row",Low Arch,,,GFM_MEDIA_FC26_0C758EB69716,180,probable,NEEDS_PRIMARY_REVIEW,NOT_VERIFIED,NOT_PRODUCTION_DATA,CATEGORY_BOUNDARY_RECAPTURE_REQUIRED,COMPLETE_SELECTOR_BOUNDARIES_NOT_PROVEN
FC26_RESEARCH_FC26_HAIR_FACIAL_HAIR_FACIAL_HAIR_288,ea-sports-fc-26,Facial Hair,Facial Hair 288,288,288,GFM_MEDIA_FC26_0C758EB69716,200,verified,NEEDS_PRIMARY_REVIEW,NOT_VERIFIED,NOT_PRODUCTION_DATA,CATEGORY_BOUNDARY_RECAPTURE_REQUIRED,COMPLETE_SELECTOR_BOUNDARIES_NOT_PROVEN
FC26_RESEARCH_FC26_HAIR_FACIAL_HAIR_FACIAL_HAIR_38,ea-sports-fc-26,Facial Hair,Facial Hair 38,38,38,GFM_MEDIA_FC26_0C758EB69716,205,verified,NEEDS_PRIMARY_REVIEW,NOT_VERIFIED,NOT_PRODUCTION_DATA,CATEGORY_BOUNDARY_RECAPTURE_REQUIRED,COMPLETE_SELECTOR_BOUNDARIES_NOT_PROVEN
FC26_RESEARCH_FC26_HAIR_FACIAL_HAIR_FACIAL_HAIR_37,ea-sports-fc-26,Facial Hair,Facial Hair 37,37,37,GFM_MEDIA_FC26_0C758EB69716,210,verified,NEEDS_PRIMARY_REVIEW,NOT_VERIFIED,NOT_PRODUCTION_DATA,CATEGORY_BOUNDARY_RECAPTURE_REQUIRED,COMPLETE_SELECTOR_BOUNDARIES_NOT_PROVEN
FC26_RESEARCH_FC26_HAIR_FACIAL_HAIR_FACIAL_HAIR_27,ea-sports-fc-26,Facial Hair,Facial Hair 27,27,27,GFM_MEDIA_FC26_0C758EB69716,215,verified,NEEDS_PRIMARY_REVIEW,NOT_VERIFIED,NOT_PRODUCTION_DATA,CATEGORY_BOUNDARY_RECAPTURE_REQUIRED,COMPLETE_SELECTOR_BOUNDARIES_NOT_PROVEN
FC26_RESEARCH_FC26_HAIR_FACIAL_HAIR_FACIAL_HAIR_285,ea-sports-fc-26,Facial Hair,Facial Hair 285,285,285,GFM_MEDIA_FC26_0C758EB69716,220,verified,NEEDS_PRIMARY_REVIEW,NOT_VERIFIED,NOT_PRODUCTION_DATA,CATEGORY_BOUNDARY_RECAPTURE_REQUIRED,COMPLETE_SELECTOR_BOUNDARIES_NOT_PROVEN
FC26_RESEARCH_FC26_HAIR_FACIAL_HAIR_FACIAL_HAIR_239,ea-sports-fc-26,Facial Hair,Facial Hair 239,239,239,GFM_MEDIA_FC26_0C758EB69716,230,verified,NEEDS_PRIMARY_REVIEW,NOT_VERIFIED,NOT_PRODUCTION_DATA,CATEGORY_BOUNDARY_RECAPTURE_REQUIRED,COMPLETE_SELECTOR_BOUNDARIES_NOT_PROVEN
FC26_RESEARCH_FC26_HAIR_FACIAL_HAIR_FACIAL_HAIR_16,ea-sports-fc-26,Facial Hair,Facial Hair 16,16,16,GFM_MEDIA_FC26_0C758EB69716,225,verified,NEEDS_PRIMARY_REVIEW,NOT_VERIFIED,NOT_PRODUCTION_DATA,CATEGORY_BOUNDARY_RECAPTURE_REQUIRED,COMPLETE_SELECTOR_BOUNDARIES_NOT_PROVEN
